"jobTitle-link","jobTitle-link href","jobDate","jobLocation"
"Food Service Assistant | Vermont South location","https://careers.australianunity.com.au/job/Vermont-South-Food-Service-Assistant-Vermont-South-location-VIC-3133/1057256866/","25 Oct 2024","Vermont South, VIC, AU, 3133"
"Grade 5 Registered Nurse | South Melbourne Location","https://careers.australianunity.com.au/job/South-Melbourne-Grade-5-Registered-Nurse-South-Melbourne-Location-VIC-3205/1057259166/","25 Oct 2024","South Melbourne, VIC, AU, 3205"
"Laundry Assistant | Glen Waverley location","https://careers.australianunity.com.au/job/Glen-Waverley-Laundry-Assistant-Glen-Waverley-location-VIC-3150/1056249366/","24 Oct 2024","Glen Waverley, VIC, AU, 3150"
"Domestic Care Assistant - Maclean","https://careers.australianunity.com.au/job/Maclean-Domestic-Care-Assistant-Maclean-NSW-2463/1051341766/","24 Oct 2024","Maclean, NSW, AU, 2463"
"Support Worker - Personal Care - Gunnedah","https://careers.australianunity.com.au/job/Gunnedah%2C-Curlewis-Support-Worker-Personal-Care-Gunnedah-NSW-2380%2C-2381/949500810/","24 Oct 2024","Gunnedah, Curlewis, NSW, AU, 2380, 2381"
"Registered Nurse - Permanent Night Duty | Vermont South location","https://careers.australianunity.com.au/job/Vermont-South-Registered-Nurse-Permanent-Night-Duty-Vermont-South-location-VIC-3133/1057198566/","24 Oct 2024","Vermont South, VIC, AU, 3133"
"Personal Care Assistants - Permanent AM shifts | Vermont South Location","https://careers.australianunity.com.au/job/Vermont-South-Personal-Care-Assistants-Permanent-AM-shifts-Vermont-South-Location-VIC-3133/1057200366/","24 Oct 2024","Vermont South, VIC, AU, 3133"
"Personal Care Worker","https://careers.australianunity.com.au/job/Jerilderie-Personal-Care-Worker-NSW-2716/1052254066/","23 Oct 2024","Jerilderie, NSW, AU, 2716"
"Aboriginal Community - Support Worker - Experienced  | Narromine","https://careers.australianunity.com.au/job/Narromine-Aboriginal-Community-Support-Worker-Experienced-Narromine-NSW-2821/1051256466/","23 Oct 2024","Narromine, NSW, AU, 2821"
"Support Workers - Laurieton NSW","https://careers.australianunity.com.au/job/Laurieton-Support-Workers-Laurieton-NSW-NSW-2443/948226710/","23 Oct 2024","Laurieton, NSW, AU, 2443"
"Home Care Support Worker - Experienced","https://careers.australianunity.com.au/job/Moruya-Home-Care-Support-Worker-Experienced-NSW-2537/948192710/","23 Oct 2024","Moruya, NSW, AU, 2537"
"Home Care Support Worker","https://careers.australianunity.com.au/job/Jindabyne%2C-Berridale-Home-Care-Support-Worker-NSW-2627%2C-2628/947617810/","23 Oct 2024","Jindabyne, Berridale, NSW, AU, 2627, 2628"
"Personal Care Worker","https://careers.australianunity.com.au/job/Finley%2C-Cobram%2C-Tocumwal%2C-Baro-Personal-Care-Worker-NSW-2713%2C-3644/948228110/","23 Oct 2024","Finley, Cobram, Tocumwal, Baro, NSW, AU, 2713, 3644"
"Support Worker - Grenfell","https://careers.australianunity.com.au/job/Grenfell-Support-Worker-Grenfell-NSW-2810/1056179166/","23 Oct 2024","Grenfell, NSW, AU, 2810"
"Chef | South Melbourne location","https://careers.australianunity.com.au/job/South-Melbourne-Chef-South-Melbourne-location-VIC-3205/1056202966/","23 Oct 2024","South Melbourne, VIC, AU, 3205"
"Personal Care Worker - Maitland & Surrounds","https://careers.australianunity.com.au/job/Maitland-Personal-Care-Worker-Maitland-&-Surrounds-NSW-2320/1056178666/","23 Oct 2024","Maitland, NSW, AU, 2320"
"Maintenance Officer | Retirement Living","https://careers.australianunity.com.au/job/Cromer-Maintenance-Officer-Retirement-Living-NSW-2099/1056225266/","23 Oct 2024","Cromer, NSW, AU, 2099"
"Support Worker - Experienced - Budgewoi & Surrounds","https://careers.australianunity.com.au/job/Budgewoi-Support-Worker-Experienced-Budgewoi-&-Surrounds-NSW-2262/949432810/","22 Oct 2024","Budgewoi, NSW, AU, 2262"
"Support Worker - Experienced - Ashtonfield & Surrounds","https://careers.australianunity.com.au/job/Ashtonfield-Support-Worker-Experienced-Ashtonfield-&-Surrounds-NSW-2323/1053185966/","22 Oct 2024","Ashtonfield, NSW, AU, 2323"
"Support Worker - Personal Care - Lake Munmorah & Surrounds","https://careers.australianunity.com.au/job/Lake-Munmorah-Support-Worker-Personal-Care-Lake-Munmorah-&-Surrounds-NSW-2259/1056135566/","22 Oct 2024","Lake Munmorah, NSW, AU, 2259"
"Home Care Support Worker - Hornsby","https://careers.australianunity.com.au/job/Hornsby-Home-Care-Support-Worker-Hornsby-NSW-2077/1051218266/","22 Oct 2024","Hornsby, NSW, AU, 2077"
"Home Care Support Worker","https://careers.australianunity.com.au/job/Molong-Home-Care-Support-Worker-NSW-2866/1051236166/","22 Oct 2024","Molong, NSW, AU, 2866"
"Support Worker - Personal Care - Tanilba Bay & Surrounds","https://careers.australianunity.com.au/job/Tanilba-Bay-Support-Worker-Personal-Care-Tanilba-Bay-&-Surrounds-NSW-2319/1049825066/","22 Oct 2024","Tanilba Bay, NSW, AU, 2319"
"Support Workers - Bellingen NSW","https://careers.australianunity.com.au/job/Bellingen-Support-Workers-Bellingen-NSW-NSW-2454/949170010/","22 Oct 2024","Bellingen, NSW, AU, 2454"
"Senior Care Partner | Part Time","https://careers.australianunity.com.au/job/Woolloongabba-Senior-Care-Partner-Part-Time-QLD-4102/1057111666/","22 Oct 2024","Woolloongabba, QLD, AU, 4102"
"Support Worker - Pesonal Care - Tamworth","https://careers.australianunity.com.au/job/Tamworth-Support-Worker-Pesonal-Care-Tamworth-NSW-2340/1053234866/","26 Sep 2024","Tamworth, NSW, AU, 2340"
"Support Worker - Personal Care - Newcastle & Surrounds","https://careers.australianunity.com.au/job/Newcastle%2C-Merewether-Support-Worker-Personal-Care-Newcastle-&-Surrounds-NSW-2300%2C-2291/1053215966/","26 Sep 2024","Newcastle, Merewether, NSW, AU, 2300, 2291"
"Support Worker - Personal Care - Kingscliff & Surrounds","https://careers.australianunity.com.au/job/Kingscliff%2C-Pottsville-Support-Worker-Personal-Care-Kingscliff-&-Surrounds-NSW-2487%2C-2489/949345810/","26 Sep 2024","Kingscliff, Pottsville, NSW, AU, 2487, 2489"
"Support Worker - Experienced - Kingscliff & Surrounds","https://careers.australianunity.com.au/job/Kingscliff%2C-Pottsville-Support-Worker-Experienced-Kingscliff-&-Surrounds-NSW-2487%2C-2489/949345310/","26 Sep 2024","Kingscliff, Pottsville, NSW, AU, 2487, 2489"
"Graduate Registered Nurse | Aged Care | Part Time","https://careers.australianunity.com.au/job/Woolloongabba-Graduate-Registered-Nurse-Aged-Care-Part-Time-QLD-4102/1057112866/","22 Oct 2024","Woolloongabba, QLD, AU, 4102"
"Registered Nurse In Charge | Aged Care | Weekends","https://careers.australianunity.com.au/job/Woollongabba-Registered-Nurse-In-Charge-Aged-Care-Weekends-QLD-4102/1057113566/","22 Oct 2024","Woollongabba, QLD, AU, 4102"
"Food Service Assistant | Northmead","https://careers.australianunity.com.au/job/Northmead-Food-Service-Assistant-Northmead-NSW-2152/1057115366/","22 Oct 2024","Northmead, NSW, AU, 2152"
"Receptionist | Glen Waverley location","https://careers.australianunity.com.au/job/Glen-Waverley-Receptionist-Glen-Waverley-location-VIC-3150/1057127166/","22 Oct 2024","Glen Waverley, VIC, AU, 3150"
"Administration Team Leader & Rostering Specialist | Aged Care","https://careers.australianunity.com.au/job/Maroubra-Administration-Team-Leader-&-Rostering-Specialist-Aged-Care-NSW-2035/1057107766/","22 Oct 2024","Maroubra, NSW, AU, 2035"
"Registered Nurse | Aged Care","https://careers.australianunity.com.au/job/Northmead-Registered-Nurse-Aged-Care-NSW-2152/1057116166/","22 Oct 2024","Northmead, NSW, AU, 2152"
"Home Care Support Worker - Dunedoo to Coolah","https://careers.australianunity.com.au/job/Duneedoo%2C-Coolah-Home-Care-Support-Worker-Dunedoo-to-Coolah-NSW-2844%2C-2850/1054159866/","21 Oct 2024","Duneedoo, Coolah, NSW, AU, 2844, 2850"
"Aboriginal Home Community - Support Worker - Experienced | Leeton & Griffth","https://careers.australianunity.com.au/job/Griffith-Aboriginal-Home-Community-Support-Worker-Experienced-Leeton-&-Griffth-NSW-2680/1054132966/","21 Oct 2024","Griffith, NSW, AU, 2680"
"Aboriginal Home - Support Worker - Experienced | Cessnock & Kurri Kurri","https://careers.australianunity.com.au/job/Cessnock-Aboriginal-Home-Support-Worker-Experienced-Cessnock-&-Kurri-Kurri-NSW-2325/947665510/","21 Oct 2024","Cessnock, NSW, AU, 2325"
"Aboriginal Home Support Worker - Experienced | Orange","https://careers.australianunity.com.au/job/Orange-Aboriginal-Home-Support-Worker-Experienced-Orange-NSW-2800/949157810/","21 Oct 2024","Orange, NSW, AU, 2800"
"Experienced Home Care Support Worker","https://careers.australianunity.com.au/job/Glebe-Experienced-Home-Care-Support-Worker-NSW-2037/1051170966/","20 Oct 2024","Glebe, NSW, AU, 2037"
"Home Care Support Worker - Manly","https://careers.australianunity.com.au/job/Hornsby-Home-Care-Support-Worker-Manly-NSW-2077/1051170266/","20 Oct 2024","Hornsby, NSW, AU, 2077"
"Home Care Support Worker - Hornsby Shire","https://careers.australianunity.com.au/job/Arcadia-Home-Care-Support-Worker-Hornsby-Shire-NSW-2159/1051144566/","20 Oct 2024","Arcadia, NSW, AU, 2159"
"Aboriginal Home Care Worker - Experienced | Cootamundra & Gundagai","https://careers.australianunity.com.au/job/Cootamundra-Aboriginal-Home-Care-Worker-Experienced-Cootamundra-&-Gundagai-NSW-2590/949157410/","20 Oct 2024","Cootamundra, NSW, AU, 2590"
"Clinical Care Manager | Aged Care","https://careers.australianunity.com.au/job/Woolloongabba-Clinical-Care-Manager-Aged-Care-QLD-4102/1057051666/","20 Oct 2024","Woolloongabba, QLD, AU, 4102"
"Support Worker - Personal Care - Armidale","https://careers.australianunity.com.au/job/Armidale-Support-Worker-Personal-Care-Armidale-NSW-2350/1054086266/","19 Oct 2024","Armidale, NSW, AU, 2350"
"Support Worker - Personal Care - Hunter Valley","https://careers.australianunity.com.au/job/Tanilba-Bay-Support-Worker-Personal-Care-Hunter-Valley-NSW-2319/1054086766/","19 Oct 2024","Tanilba Bay, NSW, AU, 2319"
"Support Worker - Entry Level or Experienced - Lightning Ridge","https://careers.australianunity.com.au/job/Lightning-Ridge-Support-Worker-Entry-Level-or-Experienced-Lightning-Ridge-NSW-2834/948075110/","18 Oct 2024","Lightning Ridge, NSW, AU, 2834"
"Aboriginal Home - Support Worker - Experienced | Port Macquarie","https://careers.australianunity.com.au/job/Port-Macquarie-Aboriginal-Home-Support-Worker-Experienced-Port-Macquarie-NSW-2444/948291210/","18 Oct 2024","Port Macquarie, NSW, AU, 2444"
"Support Worker - Entry Level - Inverell & Surrounds","https://careers.australianunity.com.au/job/Inverell%2C-Ashford-Support-Worker-Entry-Level-Inverell-&-Surrounds-NSW-2360%2C-2361/949496610/","18 Oct 2024","Inverell, Ashford, NSW, AU, 2360, 2361"
"Home Care Support Worker","https://careers.australianunity.com.au/job/Cootamundra-Home-Care-Support-Worker-NSW-2590/949083410/","18 Oct 2024","Cootamundra, NSW, AU, 2590"
"Personal Care Assistant","https://careers.australianunity.com.au/job/Carlton-Personal-Care-Assistant-VIC-3053/947842910/","18 Oct 2024","Carlton, VIC, AU, 3053"
"Support Worker - Experienced - Cobar","https://careers.australianunity.com.au/job/Cobar-Support-Worker-Experienced-Cobar-NSW-2835/948033610/","18 Oct 2024","Cobar, NSW, AU, 2835"
"Support Worker - Personal Care - Cobar","https://careers.australianunity.com.au/job/Cobar-Support-Worker-Personal-Care-Cobar-NSW-2835/948033310/","18 Oct 2024","Cobar, NSW, AU, 2835"
"Personal Care Assistants | Vermont South Location","https://careers.australianunity.com.au/job/Vermont-South-Personal-Care-Assistants-Vermont-South-Location-VIC-3133/947574710/","18 Oct 2024","Vermont South, VIC, AU, 3133"
"Registered Nurse - AM, PM or ND shifts | Kilsyth Location","https://careers.australianunity.com.au/job/Kilsyth-Registered-Nurse-AM%2C-PM-or-ND-shifts-Kilsyth-Location-VIC-3137/1056054966/","18 Oct 2024","Kilsyth, VIC, AU, 3137"
"Support Workers - Forster-Tuncurry NSW","https://careers.australianunity.com.au/job/Forster-Support-Workers-Forster-Tuncurry-NSW-NSW-2428/1053000566/","18 Oct 2024","Forster, NSW, AU, 2428"
"Aboriginal Home - Support Worker - Experienced | Fairfield & Liverpool","https://careers.australianunity.com.au/job/Fairfield-Aboriginal-Home-Support-Worker-Experienced-Fairfield-&-Liverpool-NSW-2165/1053199166/","18 Oct 2024","Fairfield, NSW, AU, 2165"
"Aboriginal Home Care Worker - Experienced | for Workforce Partnerships","https://careers.australianunity.com.au/job/Sydney-Aboriginal-Home-Care-Worker-Experienced-for-Workforce-Partnerships-NSW-2000/1055019366/","18 Oct 2024","Sydney, NSW, AU, 2000"
"Home Care Support Worker - Experienced","https://careers.australianunity.com.au/job/Howlong%2C-Corowa-Home-Care-Support-Worker-Experienced-NSW-2643%2C-2646/949087110/","18 Oct 2024","Howlong, Corowa, NSW, AU, 2643, 2646"
"Home Care Support Worker","https://careers.australianunity.com.au/job/Culcairn%2C-Holbrook%2C-Henty-Home-Care-Support-Worker-NSW-2660%2C-2644/949082410/","18 Oct 2024","Culcairn, Holbrook, Henty, NSW, AU, 2660, 2644"
"Food Service Assistant","https://careers.australianunity.com.au/job/Mornington-Food-Service-Assistant-VIC-3931/949216710/","18 Oct 2024","Mornington, VIC, AU, 3931"
"Registered Nurse | Part Time Afternoon Shifts","https://careers.australianunity.com.au/job/Port-Macquarie-Registered-Nurse-Part-Time-Afternoon-Shifts-NSW-2444/1055041166/","18 Oct 2024","Port Macquarie, NSW, AU, 2444"
"Support Worker - Personal Care - Nelson Bay & Surrounds","https://careers.australianunity.com.au/job/Nelson-Bay-Support-Worker-Personal-Care-Nelson-Bay-&-Surrounds-NSW-2315/1057015366/","18 Oct 2024","Nelson Bay, NSW, AU, 2315"
"Chef","https://careers.australianunity.com.au/job/Mornington-Chef-VIC-3931/1057031866/","18 Oct 2024","Mornington, VIC, AU, 3931"
"Registered Clinical Nurse ( AN-ACC)","https://careers.australianunity.com.au/job/Carlton-Registered-Clinical-Nurse-%28-AN-ACC%29-VIC-3053/1057026866/","18 Oct 2024","Carlton, VIC, AU, 3053"
"Support Worker - Personal Care - Fern Bay & Surrounds","https://careers.australianunity.com.au/job/Fern-Bay%2C-Tea-Gardens-Support-Worker-Personal-Care-Fern-Bay-&-Surrounds-NSW-2295%2C-2324/1057013666/","18 Oct 2024","Fern Bay, Tea Gardens, NSW, AU, 2295, 2324"
"Support Worker - Experienced - Fern Bay & Surrounds","https://careers.australianunity.com.au/job/Fern-Bay%2C-Tea-Gardens-Support-Worker-Experienced-Fern-Bay-&-Surrounds-NSW-2295%2C-2324/1057014366/","18 Oct 2024","Fern Bay, Tea Gardens, NSW, AU, 2295, 2324"
"Support Worker - Experienced - Nelson Bay & Surrounds","https://careers.australianunity.com.au/job/Nelson-Bay-Support-Worker-Experienced-Nelson-Bay-&-Surrounds-NSW-2315/1057015666/","18 Oct 2024","Nelson Bay, NSW, AU, 2315"
"Experienced Home Care Support Worker","https://careers.australianunity.com.au/job/Mulwala-Experienced-Home-Care-Support-Worker-NSW-2647/1051080866/","17 Oct 2024","Mulwala, NSW, AU, 2647"
"Home Care Support Worker","https://careers.australianunity.com.au/job/Ballarat-Home-Care-Support-Worker-VIC-3350/1053544566/","17 Oct 2024","Ballarat, VIC, AU, 3350"
"Food Services Assistant | The Alba Aged Care","https://careers.australianunity.com.au/job/South-Melbourne-Food-Services-Assistant-The-Alba-Aged-Care-VIC-3205/1053426666/","17 Oct 2024","South Melbourne, VIC, AU, 3205"
"Aboriginal Community Care  Worker - Experienced | Temora | Cootamundra","https://careers.australianunity.com.au/job/Temora-Aboriginal-Community-Care-Worker-Experienced-Temora-Cootamundra-NSW-2666/1051106466/","17 Oct 2024","Temora, NSW, AU, 2666"
"Home Care Support Worker - Experienced","https://careers.australianunity.com.au/job/Temora%2C-Ariah-Park-Home-Care-Support-Worker-Experienced-NSW-2666%2C-2665/949045010/","17 Oct 2024","Temora, Ariah Park, NSW, AU, 2666, 2665"
"Support Worker - Experienced - Warren","https://careers.australianunity.com.au/job/Warren-Support-Worker-Experienced-Warren-NSW-2824/947993110/","17 Oct 2024","Warren, NSW, AU, 2824"
"Aboriginal Home - Support Worker - Experienced | Sydney Metro | Eastern Suburbs","https://careers.australianunity.com.au/job/Sydney-Aboriginal-Home-Support-Worker-Experienced-Sydney-Metro-Eastern-Suburbs-NSW-2000/1050175866/","17 Oct 2024","Sydney, NSW, AU, 2000"
"Support Worker - Peak Hill","https://careers.australianunity.com.au/job/Peak-Hill-Support-Worker-Peak-Hill-NSW-2869/1056962966/","17 Oct 2024","Peak Hill, NSW, AU, 2869"
"Support Worker - Condobolin","https://careers.australianunity.com.au/job/Condobolin-Support-Worker-Condobolin-NSW-2877/1056963166/","17 Oct 2024","Condobolin, NSW, AU, 2877"
"Support Worker - Tottenham","https://careers.australianunity.com.au/job/Tottenham-Support-Worker-Tottenham-NSW-2873/1056963466/","17 Oct 2024","Tottenham, NSW, AU, 2873"
"Support Workers - Experienced - Tweed Heads NSW","https://careers.australianunity.com.au/job/Tweed-Heads-Support-Workers-Experienced-Tweed-Heads-NSW-NSW-2485/1056965866/","17 Oct 2024","Tweed Heads, NSW, AU, 2485"
"Aboriginal Healthcare Practitioner","https://careers.australianunity.com.au/job/Tweed-Heads-Aboriginal-Healthcare-Practitioner-NSW-2485/1056973566/","17 Oct 2024","Tweed Heads, NSW, AU, 2485"
"Support Worker - Personal Care - Lake Macquarie area","https://careers.australianunity.com.au/job/Morisset%2C-Toronto-Support-Worker-Personal-Care-Lake-Macquarie-area-NSW-2264%2C-2283/948083110/","16 Oct 2024","Morisset, Toronto, NSW, AU, 2264, 2283"
"Experienced Home Care Support Worker - Southern Sydney","https://careers.australianunity.com.au/job/Blakehurst-Experienced-Home-Care-Support-Worker-Southern-Sydney-NSW-2221/947666010/","16 Oct 2024","Blakehurst, NSW, AU, 2221"
"Support Workers - Gloucester NSW","https://careers.australianunity.com.au/job/Gloucester-Support-Workers-Gloucester-NSW-NSW-2422/1051980866/","15 Oct 2024","Gloucester, NSW, AU, 2422"
"Support Worker - Personal Care - Kempsey & Surrounds","https://careers.australianunity.com.au/job/Kempsey-Support-Worker-Personal-Care-Kempsey-&-Surrounds-NSW-2440/1050105166/","15 Oct 2024","Kempsey, NSW, AU, 2440"
"Support Worker - Personal Care - South West Rocks & Surrounds","https://careers.australianunity.com.au/job/South-West-Rocks-Support-Worker-Personal-Care-South-West-Rocks-&-Surrounds-NSW-2431/1050103266/","15 Oct 2024","South West Rocks, NSW, AU, 2431"
"Support Worker - Experienced - South West Rocks & Surrounds","https://careers.australianunity.com.au/job/Eungai-Creek-Support-Worker-Experienced-South-West-Rocks-&-Surrounds-NSW-2441/1050105766/","15 Oct 2024","Eungai Creek, NSW, AU, 2441"
"Home Care Support Worker - Experienced","https://careers.australianunity.com.au/job/Nowra-Home-Care-Support-Worker-Experienced-NSW-2541/949287110/","15 Oct 2024","Nowra, NSW, AU, 2541"
"Clinical Care Manager | Flexible Start","https://careers.australianunity.com.au/job/Port-Macquarie-Clinical-Care-Manager-Flexible-Start-NSW-2444/1055902966/","15 Oct 2024","Port Macquarie, NSW, AU, 2444"
"Support Worker - Personal Care - Bellingen/Urunga","https://careers.australianunity.com.au/job/Urunga%2C-Bellingen-Support-Worker-Personal-Care-BellingenUrunga-NSW-2455%2C-2454/1050105966/","15 Oct 2024","Urunga, Bellingen, NSW, AU, 2455, 2454"
"Home Care Support Worker","https://careers.australianunity.com.au/job/Albury-Home-Care-Support-Worker-NSW-2640/947569210/","15 Oct 2024","Albury, NSW, AU, 2640"
"Support Worker - Entry Level or Experienced - Narromine, Trangie & Surrounds","https://careers.australianunity.com.au/job/Narromine%2C-Trangie-Support-Worker-Entry-Level-or-Experienced-Narromine%2C-Trangie-&-Surrounds-NSW-2821%2C-2823/1056869266/","15 Oct 2024","Narromine, Trangie, NSW, AU, 2821, 2823"
"Registered Nurse (Identified)","https://careers.australianunity.com.au/job/Tweed-Heads-Registered-Nurse-%28Identified%29-VIC-2485/1056878766/","15 Oct 2024","Tweed Heads, VIC, AU, 2485"
"Support Worker - Personal Care - Banora Point","https://careers.australianunity.com.au/job/Banora-Point-Support-Worker-Personal-Care-Banora-Point-NSW-2486/1050059766/","14 Oct 2024","Banora Point, NSW, AU, 2486"
"Aboriginal Home Care Worker - Across NSW","https://careers.australianunity.com.au/job/Sydney-Aboriginal-Home-Care-Worker-Across-NSW-NSW-2000/1052863666/","14 Oct 2024","Sydney, NSW, AU, 2000"
"Support Worker - Experienced - Port Macquarie & Surrounds","https://careers.australianunity.com.au/job/Port-Macquarie-Support-Worker-Experienced-Port-Macquarie-&-Surrounds-NSW-2444/1050059266/","14 Oct 2024","Port Macquarie, NSW, AU, 2444"
"Personal Care Assistant","https://careers.australianunity.com.au/job/Mornington-Personal-Care-Assistant-VIC-3931/947871310/","14 Oct 2024","Mornington, VIC, AU, 3931"
"Support Worker - Experienced - Taree & Surrounds","https://careers.australianunity.com.au/job/Taree-Support-Worker-Experienced-Taree-&-Surrounds-NSW-2430/1051895366/","13 Oct 2024","Taree, NSW, AU, 2430"
"Support Workers - Experienced - Kingscliff NSW","https://careers.australianunity.com.au/job/Kingscliff-Support-Workers-Experienced-Kingscliff-NSW-NSW-2487/1050925566/","13 Oct 2024","Kingscliff, NSW, AU, 2487"
"Support Worker - Personal Care - Taree & Surrounds","https://careers.australianunity.com.au/job/Taree-Support-Worker-Personal-Care-Taree-&-Surrounds-NSW-2430/1051894866/","13 Oct 2024","Taree, NSW, AU, 2430"
"Aboriginal Home - Support Worker - Experienced  | Taree","https://careers.australianunity.com.au/job/Taree-Aboriginal-Home-Support-Worker-Experienced-Taree-NSW-2430/1049990766/","13 Oct 2024","Taree, NSW, AU, 2430"
"Aboriginal Home Care Worker - Experienced |  Bankstown","https://careers.australianunity.com.au/job/Bankstown-Aboriginal-Home-Care-Worker-Experienced-Bankstown-NSW-2200/947896410/","12 Oct 2024","Bankstown, NSW, AU, 2200"
"Experienced Home Care Support Worker - Sydney City","https://careers.australianunity.com.au/job/Haymarket-Experienced-Home-Care-Support-Worker-Sydney-City-NSW-2000/1053805166/","12 Oct 2024","Haymarket, NSW, AU, 2000"
"Support Worker - Entry Level or Experienced - Lismore Heights & Surrounds","https://careers.australianunity.com.au/job/Lismore%2C-Clunes%2C-Corndale%2C-Nim-Support-Worker-Entry-Level-or-Experienced-Lismore-Heights-&-Surrounds-NSW-2480/1049997666/","11 Oct 2024","Lismore, Clunes, Corndale, Nim, NSW, AU, 2480"
"Aboriginal Community - Support Worker - Experienced | Narrabri","https://careers.australianunity.com.au/job/Narrabri-Aboriginal-Community-Support-Worker-Experienced-Narrabri-NSW-2390/1051783866/","11 Oct 2024","Narrabri, NSW, AU, 2390"
"Support Worker - Personal Care - Maclean to Lower Clarence region","https://careers.australianunity.com.au/job/Gulmarrad-Support-Worker-Personal-Care-Maclean-to-Lower-Clarence-region-NSW-2463/1050008966/","11 Oct 2024","Gulmarrad, NSW, AU, 2463"
"Support Worker - Personal Care - Maclean to Yamba","https://careers.australianunity.com.au/job/Yamba-Support-Worker-Personal-Care-Maclean-to-Yamba-NSW-2464/1050007966/","11 Oct 2024","Yamba, NSW, AU, 2464"
"AHH Home Community - Support Worker - Experienced | Broken Hill","https://careers.australianunity.com.au/job/Broken-Hill-AHH-Home-Community-Support-Worker-Experienced-Broken-Hill-NSW-2880/1054774966/","11 Oct 2024","Broken Hill, NSW, AU, 2880"
"Support Worker - Personal Care - Lisarow & Surrounds","https://careers.australianunity.com.au/job/Lisarow-Support-Worker-Personal-Care-Lisarow-&-Surrounds-NSW-2250/1054778466/","11 Oct 2024","Lisarow, NSW, AU, 2250"
"Home Care Support Worker","https://careers.australianunity.com.au/job/Oberon%2C-Bathurst-Home-Care-Support-Worker-NSW-2787%2C-2795/947842310/","11 Oct 2024","Oberon, Bathurst, NSW, AU, 2787, 2795"
"Home Care Support Worker - Southern Highlands","https://careers.australianunity.com.au/job/Bowral-Home-Care-Support-Worker-Southern-Highlands-NSW-2576/1052100266/","11 Oct 2024","Bowral, NSW, AU, 2576"
"Aboriginal Home - Support Worker - Experienced | Woy Woy | Umina Beach","https://careers.australianunity.com.au/job/Woy-Woy-Aboriginal-Home-Support-Worker-Experienced-Woy-Woy-Umina-Beach-NSW-2256/947694110/","11 Oct 2024","Woy Woy, NSW, AU, 2256"
"Aboriginal Home -  Support Worker - Experienced | Gosford & Surrounds","https://careers.australianunity.com.au/job/Wyoming-Aboriginal-Home-Support-Worker-Experienced-Gosford-&-Surrounds-NSW-2250/948845110/","11 Oct 2024","Wyoming, NSW, AU, 2250"
"Aboriginal Home - Support Worker - Experienced | Tamworth","https://careers.australianunity.com.au/job/Tamworth-Aboriginal-Home-Support-Worker-Experienced-Tamworth-NSW-2340/948326110/","11 Oct 2024","Tamworth, NSW, AU, 2340"
"Home Care Support Worker - Deniliquin","https://careers.australianunity.com.au/job/Deniliquin-Home-Care-Support-Worker-Deniliquin-NSW-2710/1050867966/","10 Oct 2024","Deniliquin, NSW, AU, 2710"
"Home Care Support Worker","https://careers.australianunity.com.au/job/Sydney-Home-Care-Support-Worker-NSW-2000/947768110/","10 Oct 2024","Sydney, NSW, AU, 2000"
"Clinical Care Manager","https://careers.australianunity.com.au/job/Carlton-Clinical-Care-Manager-VIC-3053/1052818666/","10 Oct 2024","Carlton, VIC, AU, 3053"
"Support Worker - Experienced - Bourke","https://careers.australianunity.com.au/job/Bourke-Support-Worker-Experienced-Bourke-NSW-2840/1051806366/","9 Oct 2024","Bourke, NSW, AU, 2840"
"*EOI | NSW | Aged Care","https://careers.australianunity.com.au/job/Kogarah-EOI-NSW-Aged-Care-NSW-2217/947725910/","9 Oct 2024","Kogarah, NSW, AU, 2217"
"Support Worker - Experienced - Broken Hill","https://careers.australianunity.com.au/job/Broken-Hill-Support-Worker-Experienced-Broken-Hill-NSW-2880/1051804966/","9 Oct 2024","Broken Hill, NSW, AU, 2880"
"*EOI | QLD | Aged Care","https://careers.australianunity.com.au/job/Woolloongabba-EOI-QLD-Aged-Care-QLD-4102/947726010/","9 Oct 2024","Woolloongabba, QLD, AU, 4102"
"Aboriginal Home - Community Support Worker - Experienced | Dubbo","https://careers.australianunity.com.au/job/Dubbo-Aboriginal-Home-Community-Support-Worker-Experienced-Dubbo-NSW-2830/947619910/","9 Oct 2024","Dubbo, NSW, AU, 2830"
"Experienced Home Care Support Worker - Eastern Sydney","https://careers.australianunity.com.au/job/Chifley-Experienced-Home-Care-Support-Worker-Eastern-Sydney-NSW-2036/947742010/","9 Oct 2024","Chifley, NSW, AU, 2036"
"Home Care Support Worker - Northern Beaches","https://careers.australianunity.com.au/job/Dee-Why-Home-Care-Support-Worker-Northern-Beaches-NSW-2099/947734610/","9 Oct 2024","Dee Why, NSW, AU, 2099"
"Home Care Support Worker - Northern Sydney","https://careers.australianunity.com.au/job/Chatswood-Home-Care-Support-Worker-Northern-Sydney-NSW-2067/947733210/","9 Oct 2024","Chatswood, NSW, AU, 2067"
"Home Care Support Worker - Campsie","https://careers.australianunity.com.au/job/Campsie-Home-Care-Support-Worker-Campsie-NSW-2194/947743010/","9 Oct 2024","Campsie, NSW, AU, 2194"
"Aboriginal Community - Support Worker | Bourke","https://careers.australianunity.com.au/job/Bourke-Aboriginal-Community-Support-Worker-Bourke-NSW-2840/1051807266/","9 Oct 2024","Bourke, NSW, AU, 2840"
"Support Worker - Entry Level or Experienced - Tamworth & Surrounds","https://careers.australianunity.com.au/job/Tamworth%2C-Kootingal-Support-Worker-Entry-Level-or-Experienced-Tamworth-&-Surrounds-NSW-2340%2C-2352/948753210/","9 Oct 2024","Tamworth, Kootingal, NSW, AU, 2340, 2352"
"Home Care Support Worker","https://careers.australianunity.com.au/job/Mudgee-Home-Care-Support-Worker-NSW-2850/1050803766/","8 Oct 2024","Mudgee, NSW, AU, 2850"
"Support Worker - Experienced - Tanilba Bay & Surrounds","https://careers.australianunity.com.au/job/Nelson-Bay-Support-Worker-Experienced-Tanilba-Bay-&-Surrounds-NSW-2315/1049826666/","7 Oct 2024","Nelson Bay, NSW, AU, 2315"
"Aboriginal Home Support Worker - Murwillumbah","https://careers.australianunity.com.au/job/Murwillumbah-Aboriginal-Home-Support-Worker-Murwillumbah-NSW-2484/947696610/","7 Oct 2024","Murwillumbah, NSW, AU, 2484"
"Experienced Home Care Support Worker","https://careers.australianunity.com.au/job/Padstow-Experienced-Home-Care-Support-Worker-NSW-2211/1052642066/","7 Oct 2024","Padstow, NSW, AU, 2211"
"Registered Nurse Level 3","https://careers.australianunity.com.au/job/Carlton-Registered-Nurse-Level-3-VIC-3053/1056610866/","7 Oct 2024","Carlton, VIC, AU, 3053"
"Home Care Worker","https://careers.australianunity.com.au/job/Leeton-Home-Care-Worker-NSW-2705/947638110/","6 Oct 2024","Leeton, NSW, AU, 2705"
"Support Worker - Entry Level - Lower Mid North Coast","https://careers.australianunity.com.au/job/Stroud-Support-Worker-Entry-Level-Lower-Mid-North-Coast-NSW-2425/947693610/","6 Oct 2024","Stroud, NSW, AU, 2425"
"Home Care Support Worker","https://careers.australianunity.com.au/job/Wagga-Wagga%2C-Lockhart%2C-The-Roc-Home-Care-Support-Worker-NSW-2650%2C-2656/947640710/","6 Oct 2024","Wagga Wagga, Lockhart, The Roc, NSW, AU, 2650, 2656"
"Home Care Support Worker - Experienced","https://careers.australianunity.com.au/job/Batlow%2C-Tumbarumba-Home-Care-Support-Worker-Experienced-NSW-2730%2C-2653/947639210/","6 Oct 2024","Batlow, Tumbarumba, NSW, AU, 2730, 2653"
"Support Worker - Personal Care - Far North Coast","https://careers.australianunity.com.au/job/Ballina-Support-Worker-Personal-Care-Far-North-Coast-NSW-2478/947684810/","6 Oct 2024","Ballina, NSW, AU, 2478"
"Aboriginal Home Care Worker |  Manilla & Barraba","https://careers.australianunity.com.au/job/Moree-Aboriginal-Home-Care-Worker-Manilla-&-Barraba-NSW-2400/947618610/","6 Oct 2024","Moree, NSW, AU, 2400"
"Support Worker - Personal Care - Lower Mid North Coast","https://careers.australianunity.com.au/job/Kempsey-Support-Worker-Personal-Care-Lower-Mid-North-Coast-NSW-2440/947687010/","6 Oct 2024","Kempsey, NSW, AU, 2440"
"Support Worker - Experienced - Upper Mid North Coast","https://careers.australianunity.com.au/job/Urunga-Support-Worker-Experienced-Upper-Mid-North-Coast-NSW-2455/947689310/","6 Oct 2024","Urunga, NSW, AU, 2455"
"Support Worker - Entry Level - Far North Coast","https://careers.australianunity.com.au/job/Banora-Point-Support-Worker-Entry-Level-Far-North-Coast-NSW-2486/947684110/","6 Oct 2024","Banora Point, NSW, AU, 2486"
"Aboriginal Home - Support Worker - Experienced  | Eastgardens | Maroubra","https://careers.australianunity.com.au/job/Eastgardens-Aboriginal-Home-Support-Worker-Experienced-Eastgardens-Maroubra-NSW-2036/947690210/","6 Oct 2024","Eastgardens, NSW, AU, 2036"
"Support Worker - Personal Care - Central Coast","https://careers.australianunity.com.au/job/The-Entrance-Support-Worker-Personal-Care-Central-Coast-NSW-2261/947687910/","6 Oct 2024","The Entrance, NSW, AU, 2261"
"Support Worker - Personal Care - Hunter Valley","https://careers.australianunity.com.au/job/Raymond-Terrace-Support-Worker-Personal-Care-Hunter-Valley-NSW-2324/947687310/","6 Oct 2024","Raymond Terrace, NSW, AU, 2324"
"Aboriginal Home - Support Worker - Experienced | Burwood | Glebe","https://careers.australianunity.com.au/job/Newtown-Aboriginal-Home-Support-Worker-Experienced-Burwood-Glebe-NSW-2042/947695110/","6 Oct 2024","Newtown, NSW, AU, 2042"
"Support Worker - Personal Care - Upper Mid North Coast","https://careers.australianunity.com.au/job/Coffs-Harbour-Support-Worker-Personal-Care-Upper-Mid-North-Coast-NSW-2450/947685210/","6 Oct 2024","Coffs Harbour, NSW, AU, 2450"
"Support Worker - Personal Care - Northern Rivers","https://careers.australianunity.com.au/job/Maclean-Support-Worker-Personal-Care-Northern-Rivers-NSW-2463/947685910/","6 Oct 2024","Maclean, NSW, AU, 2463"
"Support Worker - Experienced - Lower Mid North Coast","https://careers.australianunity.com.au/job/Port-Macquarie-Support-Worker-Experienced-Lower-Mid-North-Coast-NSW-2444/947690910/","6 Oct 2024","Port Macquarie, NSW, AU, 2444"
"Support Worker - Entry Level - Central Coast","https://careers.australianunity.com.au/job/Wyong-Support-Worker-Entry-Level-Central-Coast-NSW-2259/947693910/","6 Oct 2024","Wyong, NSW, AU, 2259"
"Support Worker - Experienced - Far North Coast","https://careers.australianunity.com.au/job/Pottsville-Support-Worker-Experienced-Far-North-Coast-NSW-2489/947691810/","6 Oct 2024","Pottsville, NSW, AU, 2489"
"Aboriginal Community Care Worker | Walgett","https://careers.australianunity.com.au/job/Walgett-Aboriginal-Community-Care-Worker-Walgett-NSW-2832/947701410/","6 Oct 2024","Walgett, NSW, AU, 2832"
"Home Care Support Worker","https://careers.australianunity.com.au/job/Bega%2C-Eden-Home-Care-Support-Worker-NSW-2550%2C-2551/947617310/","6 Oct 2024","Bega, Eden, NSW, AU, 2550, 2551"
"Home Care Support Worker","https://careers.australianunity.com.au/job/Lithgow-Home-Care-Support-Worker-NSW-2790/947619310/","6 Oct 2024","Lithgow, NSW, AU, 2790"
"Support Worker - Personal Care - Newcastle & Lake Macquarie","https://careers.australianunity.com.au/job/Mayfield-Support-Worker-Personal-Care-Newcastle-&-Lake-Macquarie-NSW-2304/947686410/","6 Oct 2024","Mayfield, NSW, AU, 2304"
"Personal Carer - Home Care","https://careers.australianunity.com.au/job/Deer-Park-Personal-Carer-Home-Care-VIC-3023/947634310/","6 Oct 2024","Deer Park, VIC, AU, 3023"
"Support Worker - Experienced - Northern Rivers","https://careers.australianunity.com.au/job/Casino-Support-Worker-Experienced-Northern-Rivers-NSW-2470/947690510/","6 Oct 2024","Casino, NSW, AU, 2470"
"Support Worker - Entry Level - Hunter Valley","https://careers.australianunity.com.au/job/Bolwarra-Heights-Support-Worker-Entry-Level-Hunter-Valley-NSW-2320/947693710/","6 Oct 2024","Bolwarra Heights, NSW, AU, 2320"
"Support Worker - Entry Level - Newcastle & Lake Macquarie","https://careers.australianunity.com.au/job/Hamilton-Support-Worker-Entry-Level-Newcastle-&-Lake-Macquarie-NSW-2303/947693510/","6 Oct 2024","Hamilton, NSW, AU, 2303"
"Home Care Support Worker - All Sydney","https://careers.australianunity.com.au/job/Sydney-Home-Care-Support-Worker-All-Sydney-NSW-2000/947631410/","6 Oct 2024","Sydney, NSW, AU, 2000"
"Support Worker - Entry Level - Northern Rivers","https://careers.australianunity.com.au/job/Goonellabah-Support-Worker-Entry-Level-Northern-Rivers-NSW-2480/947693010/","6 Oct 2024","Goonellabah, NSW, AU, 2480"
"Support Worker - Experienced - Newcastle & Lake Macquarie","https://careers.australianunity.com.au/job/Hamilton-Support-Worker-Experienced-Newcastle-&-Lake-Macquarie-NSW-2303/947690810/","6 Oct 2024","Hamilton, NSW, AU, 2303"
"Support Worker - Experienced - Central Coast","https://careers.australianunity.com.au/job/Umina-Beach-Support-Worker-Experienced-Central-Coast-NSW-2257/948609310/","6 Oct 2024","Umina Beach, NSW, AU, 2257"
"Home Care Support Worker","https://careers.australianunity.com.au/job/Orange%2C-Molong-Home-Care-Support-Worker-NSW-2800%2C-2866/947619810/","6 Oct 2024","Orange, Molong, NSW, AU, 2800, 2866"
"Support Worker - Experienced - Hunter Valley","https://careers.australianunity.com.au/job/Raymond-Terrace-Support-Worker-Experienced-Hunter-Valley-NSW-2324/947691510/","6 Oct 2024","Raymond Terrace, NSW, AU, 2324"
"Community Support Manager | Mulgrave","https://careers.australianunity.com.au/job/Mulgrave-Community-Support-Manager-Mulgrave-3170/1054641266/","6 Oct 2024","Mulgrave, 3170"
"Home Care Support Worker","https://careers.australianunity.com.au/job/Yass-Home-Care-Support-Worker-NSW-2582/1054644466/","6 Oct 2024","Yass, NSW, AU, 2582"
"Support Worker - Young","https://careers.australianunity.com.au/job/Young-Support-Worker-Young-NSW-2594/1054576366/","6 Oct 2024","Young, NSW, AU, 2594"
"Support Worker - Personal Care - Bateau Bay & Surrounds","https://careers.australianunity.com.au/job/Bateau-Bay-Support-Worker-Personal-Care-Bateau-Bay-&-Surrounds-NSW-2261/949432010/","6 Oct 2024","Bateau Bay, NSW, AU, 2261"
"Support Worker - Canowindra","https://careers.australianunity.com.au/job/Canowindra-Support-Worker-Canowindra-NSW-2804/1054576966/","6 Oct 2024","Canowindra, NSW, AU, 2804"
"Support Worker - Harden","https://careers.australianunity.com.au/job/Harden-Support-Worker-Harden-NSW-2587/1054576866/","6 Oct 2024","Harden, NSW, AU, 2587"
"Support Worker - Entry Level - Upper Mid North Coast","https://careers.australianunity.com.au/job/Repton-Support-Worker-Entry-Level-Upper-Mid-North-Coast-NSW-2454/947692610/","6 Oct 2024","Repton, NSW, AU, 2454"
"Aboriginal Community - Support Worker - Experienced | Coonamble","https://careers.australianunity.com.au/job/Coonamble-Aboriginal-Community-Support-Worker-Experienced-Coonamble-NSW-2829/947698010/","6 Oct 2024","Coonamble, NSW, AU, 2829"
"Personal Care Worker","https://careers.australianunity.com.au/job/Camberwell%2C-Mulgrade%2C-Personal-Care-Worker-VIC-3124%2C-3170/947629710/","6 Oct 2024","Camberwell, Mulgrade,, VIC, AU, 3124, 3170"
"Personal Care Worker","https://careers.australianunity.com.au/job/Greensborough-Personal-Care-Worker-VIC-3088/947625210/","6 Oct 2024","Greensborough, VIC, AU, 3088"
"Aboriginal Home -  Support Worker - Experienced | Nambucca Heads","https://careers.australianunity.com.au/job/Nambucca-Heads-Aboriginal-Home-Support-Worker-Experienced-Nambucca-Heads-NSW-2447/1056588966/","6 Oct 2024","Nambucca Heads, NSW, AU, 2447"
"Aboriginal Home - Community Support Worker - Experienced | Ballina","https://careers.australianunity.com.au/job/Ballina-Aboriginal-Home-Community-Support-Worker-Experienced-Ballina-NSW-2478/1056589266/","6 Oct 2024","Ballina, NSW, AU, 2478"
"Support Worker - Personal Care - New England","https://careers.australianunity.com.au/job/Gunnedah-Support-Worker-Personal-Care-New-England-NSW-2380/947583810/","4 Oct 2024","Gunnedah, NSW, AU, 2380"
"Personal Care Assistants - AM, PN or ND | Kilsyth Location","https://careers.australianunity.com.au/job/Kilsyth-Personal-Care-Assistants-AM%2C-PN-or-ND-Kilsyth-Location-VIC-3137/947613710/","4 Oct 2024","Kilsyth, VIC, AU, 3137"
"Support Worker - Entry Level - New England","https://careers.australianunity.com.au/job/Tamworth-Support-Worker-Entry-Level-New-England-NSW-2340/947577210/","4 Oct 2024","Tamworth, NSW, AU, 2340"
"Support Worker - Experienced - New England","https://careers.australianunity.com.au/job/Tamworth-Support-Worker-Experienced-New-England-NSW-2340/947583210/","4 Oct 2024","Tamworth, NSW, AU, 2340"
"Aboriginal Home Care Worker | Western NSW","https://careers.australianunity.com.au/job/Orange-Aboriginal-Home-Care-Worker-Western-NSW-NSW-2800/948598610/","4 Oct 2024","Orange, NSW, AU, 2800"
"Aboriginal Home Care Worker | Casino & Lismore","https://careers.australianunity.com.au/job/Casino-Aboriginal-Home-Care-Worker-Casino-&-Lismore-NSW-2470/948481610/","4 Oct 2024","Casino, NSW, AU, 2470"
"Aboriginal Home - Support Worker - Experienced | Grafton","https://careers.australianunity.com.au/job/Grafton-Aboriginal-Home-Support-Worker-Experienced-Grafton-NSW-2460/949158310/","4 Oct 2024","Grafton, NSW, AU, 2460"
"Support Workers - Experienced - Ballina NSW","https://careers.australianunity.com.au/job/Ballina-Support-Workers-Experienced-Ballina-NSW-NSW-2478/1056568166/","4 Oct 2024","Ballina, NSW, AU, 2478"
"Service Coordinator - Tweed Heads Based","https://careers.australianunity.com.au/job/Tweed-Heads-Service-Coordinator-Tweed-Heads-Based-NSW-2485/1056566866/","4 Oct 2024","Tweed Heads, NSW, AU, 2485"
"Aboriginal Home - Support Worker - Experienced | Newcastle","https://careers.australianunity.com.au/job/Newcastle-Aboriginal-Home-Support-Worker-Experienced-Newcastle-NSW-2300/1056567166/","4 Oct 2024","Newcastle, NSW, AU, 2300"
"Support Worker - Personal Care - Coffs Harbour & Surrounds","https://careers.australianunity.com.au/job/Coffs-Harbour-Support-Worker-Personal-Care-Coffs-Harbour-&-Surrounds-NSW-2450/1053462866/","3 Oct 2024","Coffs Harbour, NSW, AU, 2450"
"Aboriginal Home - Support  Worker - Experienced | Morisset | Bonnells Bay","https://careers.australianunity.com.au/job/Morissett-Aboriginal-Home-Support-Worker-Experienced-Morisset-Bonnells-Bay-NSW-2264/1051106566/","3 Oct 2024","Morissett, NSW, AU, 2264"
"Aboriginal Home Care Worker - Experienced | Dareton","https://careers.australianunity.com.au/job/Dareton-Aboriginal-Home-Care-Worker-Experienced-Dareton-NSW-3500/949157610/","3 Oct 2024","Dareton, NSW, AU, 3500"
"Home Care Support Worker","https://careers.australianunity.com.au/job/Ulladulla-Home-Care-Support-Worker-NSW-2539/948522610/","3 Oct 2024","Ulladulla, NSW, AU, 2539"
"Service Coordinator - Port Macquarie","https://careers.australianunity.com.au/job/Port-Macquarie-Service-Coordinator-Port-Macquarie-NSW-2444/1056491266/","3 Oct 2024","Port Macquarie, NSW, AU, 2444"
"Registered Nurse Casual | Victoria Grange Aged Care","https://careers.australianunity.com.au/job/Vermont-South-Registered-Nurse-Casual-Victoria-Grange-Aged-Care-VIC-3133/947790110/","2 Oct 2024","Vermont South, VIC, AU, 3133"
"Aboriginal Home - Support Worker - Experienced  | Wagga Wagga","https://careers.australianunity.com.au/job/Wagga-Wagga-Aboriginal-Home-Support-Worker-Experienced-Wagga-Wagga-NSW-2650/948001710/","2 Oct 2024","Wagga Wagga, NSW, AU, 2650"
"Support Worker - Entry Level - Walgett","https://careers.australianunity.com.au/job/Walgett-Support-Worker-Entry-Level-Walgett-NSW-2832/1055397666/","1 Oct 2024","Walgett, NSW, AU, 2832"
"Support Worker - Personal Care - Tenterfield","https://careers.australianunity.com.au/job/Tenterfield-Support-Worker-Personal-Care-Tenterfield-NSW-2372/949501710/","1 Oct 2024","Tenterfield, NSW, AU, 2372"
"Support Worker - Personal Care - Glen Innes","https://careers.australianunity.com.au/job/Glen-Innes-Support-Worker-Personal-Care-Glen-Innes-NSW-2370/949495210/","1 Oct 2024","Glen Innes, NSW, AU, 2370"
"Aboriginal Home Community Care Worker | Balranald","https://careers.australianunity.com.au/job/Balranald-Aboriginal-Home-Community-Care-Worker-Balranald-NSW-2715/947582310/","1 Oct 2024","Balranald, NSW, AU, 2715"
"Support Worker - Experienced - Quirindi NSW","https://careers.australianunity.com.au/job/Quirindi-Support-Worker-Experienced-Quirindi-NSW-NSW-2343/948225410/","1 Oct 2024","Quirindi, NSW, AU, 2343"
"Support Worker - Personal Care - Inverell & Surrounds","https://careers.australianunity.com.au/job/Bundara%2C-Inverell%2C-Tingha%2C-Ash-Support-Worker-Personal-Care-Inverell-&-Surrounds-NSW-2359%2C-2360/949498310/","1 Oct 2024","Bundara, Inverell, Tingha, Ash, NSW, AU, 2359, 2360"
"Support Worker - Personal Care- Armidale, Guyra & Walcha","https://careers.australianunity.com.au/job/Armidale%2C-Guyra%2C-Walcha-Support-Worker-Personal-Care-Armidale%2C-Guyra-&-Walcha-NSW-2350%2C-2365/949493510/","1 Oct 2024","Armidale, Guyra, Walcha, NSW, AU, 2350, 2365"
"Aboriginal Home - Support Worker - Experienced | Moree","https://careers.australianunity.com.au/job/Moree-Aboriginal-Home-Support-Worker-Experienced-Moree-NSW-2400/948389910/","1 Oct 2024","Moree, NSW, AU, 2400"
"Support Workers - Raymond Terrace/Medowie","https://careers.australianunity.com.au/job/Forster-Tuncurry-Support-Workers-Raymond-TerraceMedowie-NSW-2324/1056418666/","1 Oct 2024","Forster-Tuncurry, NSW, AU, 2324"
"Service Coordinator - Tamworth & Manilla","https://careers.australianunity.com.au/job/Tamworth-Service-Coordinator-Tamworth-&-Manilla-NSW-2340/1056420266/","1 Oct 2024","Tamworth, NSW, AU, 2340"
"Retirement Community Manager | Carlton","https://careers.australianunity.com.au/job/Carlton-Retirement-Community-Manager-Carlton-VIC-3053/1056435066/","1 Oct 2024","Carlton, VIC, AU, 3053"
"Support Worker - Personal Care - Umina Beach & Surrounds","https://careers.australianunity.com.au/job/Umina-Beach-Support-Worker-Personal-Care-Umina-Beach-&-Surrounds-NSW-2257/949432310/","30 Sep 2024","Umina Beach, NSW, AU, 2257"
"Support Worker - Lake Cargelligo","https://careers.australianunity.com.au/job/Lake-Cargelligo-Support-Worker-Lake-Cargelligo-NSW-2672/1050510166/","30 Sep 2024","Lake Cargelligo, NSW, AU, 2672"
"Support Worker - Forbes","https://careers.australianunity.com.au/job/Forbes-Support-Worker-Forbes-NSW-2871/1050511566/","30 Sep 2024","Forbes, NSW, AU, 2871"
"AHH Community Care  Worker - Experienced | Wilcannia","https://careers.australianunity.com.au/job/Wilcannia-AHH-Community-Care-Worker-Experienced-Wilcannia-NSW-2836/1051500866/","30 Sep 2024","Wilcannia, NSW, AU, 2836"
"Support Workers - Forster-Tuncurry NSW","https://careers.australianunity.com.au/job/Forster-Tuncurry-Support-Workers-Forster-Tuncurry-NSW-NSW-2428/1056365466/","30 Sep 2024","Forster-Tuncurry, NSW, AU, 2428"
"Aboriginal Home - Community Support Worker - Experienced | Tabulam","https://careers.australianunity.com.au/job/Tabulam-Aboriginal-Home-Community-Support-Worker-Experienced-Tabulam-NSW-2469/1056389866/","30 Sep 2024","Tabulam, NSW, AU, 2469"
"Home Care Support Worker - Griffith","https://careers.australianunity.com.au/job/Griffith-Home-Care-Support-Worker-Griffith-NSW-2680/1056367466/","30 Sep 2024","Griffith, NSW, AU, 2680"
"Support Worker - Entry Level & Experienced - Kyogle & Surrounds","https://careers.australianunity.com.au/job/Kyogle-Support-Worker-Entry-Level-&-Experienced-Kyogle-&-Surrounds-NSW-2474/1050451366/","29 Sep 2024","Kyogle, NSW, AU, 2474"
"Home Care Support Worker","https://careers.australianunity.com.au/job/Cobargo-Home-Care-Support-Worker-NSW-2550/1052381366/","29 Sep 2024","Cobargo, NSW, AU, 2550"
"Support Worker - Personal Care - Mullumbimby & Surrounds","https://careers.australianunity.com.au/job/Mullumbimby%2C-Ocean-Shores-Support-Worker-Personal-Care-Mullumbimby-&-Surrounds-NSW-2482%2C-2483/1053349566/","29 Sep 2024","Mullumbimby, Ocean Shores, NSW, AU, 2482, 2483"
"Support Worker - Personal Care - Ballina","https://careers.australianunity.com.au/job/Ballina-Support-Worker-Personal-Care-Ballina-NSW-2478/1053347466/","29 Sep 2024","Ballina, NSW, AU, 2478"
"Support Worker - Entry Level or Experienced - Mullumbimby & Surrounds","https://careers.australianunity.com.au/job/Mullumbimby%2C-Ocean-Shores-Support-Worker-Entry-Level-or-Experienced-Mullumbimby-&-Surrounds-NSW-2482%2C-2483/1053348666/","29 Sep 2024","Mullumbimby, Ocean Shores, NSW, AU, 2482, 2483"
"*EOI - Personal Care Support Worker - Hills District","https://careers.australianunity.com.au/job/Castle-Hill-EOI-Personal-Care-Support-Worker-Hills-District-NSW-2154/1054391766/","29 Sep 2024","Castle Hill, NSW, AU, 2154"
"Support Worker - Entry Level - Coonabarabran","https://careers.australianunity.com.au/job/Coonabarabran-Support-Worker-Entry-Level-Coonabarabran-NSW-2357/1050457666/","29 Sep 2024","Coonabarabran, NSW, AU, 2357"
"Receptionist - Port Macquarie Based","https://careers.australianunity.com.au/job/Port-Macquarie-Receptionist-Port-Macquarie-Based-NSW-2444/1055357766/","28 Sep 2024","Port Macquarie, NSW, AU, 2444"
"Support Worker - Personal Care - Broken Hill","https://careers.australianunity.com.au/job/Broken-Hill-Support-Worker-Personal-Care-Broken-Hill-NSW-2880/1055353166/","28 Sep 2024","Broken Hill, NSW, AU, 2880"
"Support Worker - Entry Level & Experienced - Goonellabah & Surrounds","https://careers.australianunity.com.au/job/Goonellabah-Support-Worker-Entry-Level-&-Experienced-Goonellabah-&-Surrounds-NSW-2480/1053345066/","28 Sep 2024","Goonellabah, NSW, AU, 2480"
"Home Care Support Worker","https://careers.australianunity.com.au/job/Goulburn-Home-Care-Support-Worker-NSW-2580/1055297266/","27 Sep 2024","Goulburn, NSW, AU, 2580"
"Support Worker - Personal Care - Forster & Surrounds","https://careers.australianunity.com.au/job/Forster-Support-Worker-Personal-Care-Forster-&-Surrounds-NSW-2428/1052278766/","27 Sep 2024","Forster, NSW, AU, 2428"
"Support Worker - Entry Level or Experienced - Forster & Surrounds","https://careers.australianunity.com.au/job/Forster-Support-Worker-Entry-Level-or-Experienced-Forster-&-Surrounds-NSW-2428/1052279066/","27 Sep 2024","Forster, NSW, AU, 2428"
"Support Worker - Personal Care - Narromine, Trangie & Surrounds","https://careers.australianunity.com.au/job/Narromine%2C-Trangie-Support-Worker-Personal-Care-Narromine%2C-Trangie-&-Surrounds-NSW-2821%2C-2823/1056331266/","27 Sep 2024","Narromine, Trangie, NSW, AU, 2821, 2823"
"Rostering Coordinator - Port Macquarie Based","https://careers.australianunity.com.au/job/Port-Macquarie-Rostering-Coordinator-Port-Macquarie-Based-NSW-2444/1056332066/","27 Sep 2024","Port Macquarie, NSW, AU, 2444"
"Support Worker - Gunnedah NSW","https://careers.australianunity.com.au/job/Gunnedah-Support-Worker-Gunnedah-NSW-NSW-2380/1056317066/","27 Sep 2024","Gunnedah, NSW, AU, 2380"
"Support Worker - Entry Level - Banora Point & Surrounds","https://careers.australianunity.com.au/job/Banora-Point-Support-Worker-Entry-Level-Banora-Point-&-Surrounds-NSW-2486/949347110/","26 Sep 2024","Banora Point, NSW, AU, 2486"
"Support Worker - Experienced - North Gosford & Surrounds","https://careers.australianunity.com.au/job/North-Gosford-Support-Worker-Experienced-North-Gosford-&-Surrounds-NSW-2250/1053214866/","26 Sep 2024","North Gosford, NSW, AU, 2250"