"card-title","card-title href","job-component-icon-and-text"
"Registered Nurse Documentation","https://careers.resthaven.asn.au/jobs/registered-nurse-documentation-craigmore-sa-australia-82c19c0b-63a1-4646-a29b-54e69a7df1bd","Craigmore, SA"
"Registered Nurse","https://careers.resthaven.asn.au/jobs/registered-nurse-port-elliot-sa-australia-52c1f26d-1e64-4981-85a1-b8efec41dd68","Port Elliot, SA"
"Enrolled Nurse","https://careers.resthaven.asn.au/jobs/enrolled-nurse-murray-bridge-sa-australia-094a9a09-bdca-4bf9-ba9f-ebd4ad46a55d","Murray Bridge, SA"
"Housekeeping Services Assistant","https://careers.resthaven.asn.au/jobs/housekeeping-services-assistant-aberfoyle-park-sa-australia","Aberfoyle Park, SA"
"Clerical Support","https://careers.resthaven.asn.au/jobs/clerical-support-aberfoyle-park-sa-australia","Aberfoyle Park, SA"
"Coordinator Hospitality Services","https://careers.resthaven.asn.au/jobs/coordinator-hospitality-services-craigmore-sa-australia-26d249ba-b522-462b-a5f0-ffd12c1c5a13","Craigmore, SA"
"Assistant Manager","https://careers.resthaven.asn.au/jobs/assistant-manager-fulham-sa-australia","Fulham, SA"
"Enrolled Nurse","https://careers.resthaven.asn.au/jobs/enrolled-nurse-aberfoyle-park-sa-australia-3f4f1591-3a8c-43ee-bbbf-43f4e7b62d97","Aberfoyle Park, SA"
"Service Coordinator","https://careers.resthaven.asn.au/jobs/service-coordinator-salisbury-east-sa-australia","Salisbury East, SA"
"Clinical Educator","https://careers.resthaven.asn.au/jobs/clinical-educator-wayville-sa-australia-74d4dcff-f122-4ad8-98f5-54a8bbbdb322","Wayville, SA"
"Registered Nurse","https://careers.resthaven.asn.au/jobs/registered-nurse-e1771402-a854-4914-857c-4aaa6cc71723",""
"Clerical Assistant","https://careers.resthaven.asn.au/jobs/clerical-assistant-westbourne-park-sa-australia-041cdc5d-b6a6-449b-bc4c-2f746274fcdf","Westbourne Park, SA"
"Therapy Assistant Marion Community Services","https://careers.resthaven.asn.au/jobs/therapy-assistant-marion-community-services-marion-sa-australia","Marion, SA"
"Enrolled Nurse","https://careers.resthaven.asn.au/jobs/enrolled-nurse-port-elliot-sa-australia-4c569ffb-aebd-4f24-a21d-9fe230e29402","Port Elliot, SA"
"Relieving Clinical Nurse RS","https://careers.resthaven.asn.au/jobs/relieving-clinical-nurse-rs-wayville-sa-australia-ad189a8c-6e25-4b83-9ca2-57111ec34208","Wayville, SA"
"Relieving Care Coordinator","https://careers.resthaven.asn.au/jobs/relieving-care-coordinator-wayville-sa-australia-f4d99c9b-e20c-458b-bc98-78dc9fc5e0d2","Wayville, SA"
"Registered Nurse - Paradise Location","https://careers.resthaven.asn.au/jobs/registered-nurse-paradise-location-paradise-sa-australia","Paradise, SA"
"Home Support Worker - Kingston & Robe","https://careers.resthaven.asn.au/jobs/home-support-worker-kingston-robe-naracoorte-sa-australia","Naracoorte, SA"
"Relieving Registered Nurse","https://careers.resthaven.asn.au/jobs/relieving-registered-nurse-wayville-sa-australia-95faa806-9456-4bc0-a792-d87e42931038","Wayville, SA"
"Relieving Cook","https://careers.resthaven.asn.au/jobs/relieving-cook-wayville-sa-australia-513692ce-bb1c-4f30-979e-7d5f0d8a84c6","Wayville, SA"
"Housekeeping Services Assistant","https://careers.resthaven.asn.au/jobs/housekeeping-services-assistant-mount-gambier-sa-australia-f5b0021f-4d17-45ee-9116-caa6041d4398","Mount Gambier, SA"
"Registered Nurse","https://careers.resthaven.asn.au/jobs/registered-nurse-murray-bridge-sa-australia-02a9b022-dac7-43b2-aa17-2a5ef2f722b2","Murray Bridge, SA"
"Coordinator Community Services - Adelaide Hills","https://careers.resthaven.asn.au/jobs/coordinator-community-services-adelaide-hills-murray-bridge-sa-australia","Murray Bridge, SA"
"Home Support Worker Adelaide Hills","https://careers.resthaven.asn.au/jobs/home-support-worker-adelaide-hills-murray-bridge-sa-australia-4b74af40-3959-4ed8-802a-1d219b250535","Murray Bridge, SA"
"Home Support Worker - Metro","https://careers.resthaven.asn.au/jobs/home-support-worker-metro-1c590841-1f6e-4409-a66d-48d6950dfda6",""
"Housekeeping Services Assistant - Metro","https://careers.resthaven.asn.au/jobs/housekeeping-services-assistant-metro-0d0d5fa1-3190-46b1-8a0b-0a8e15ab2c62",""
"Personal Care Assistant - Metro","https://careers.resthaven.asn.au/jobs/personal-care-assistant-metro-4098604d-22ba-4c97-9d28-e414c64f2244",""
"Aged Care Home Support Worker- Fleurieu Peninsula","https://careers.resthaven.asn.au/jobs/aged-care-home-support-worker-fleurieu-peninsula-victor-harbor-sa-australia","Victor Harbor, SA"
"Relieving Enrolled Nurse","https://careers.resthaven.asn.au/jobs/relieving-enrolled-nurse-wayville-sa-australia","Wayville, SA"
"Registered Nurse","https://careers.resthaven.asn.au/jobs/registered-nurse-mount-gambier-sa-australia-d328e1ee-fcaf-46f4-97b2-db11c91a13dd","Mount Gambier, SA"
"Contract Hairdresser","https://careers.resthaven.asn.au/jobs/contract-hairdresser-murray-bridge-sa-australia","Murray Bridge, SA"