"css-19uc56f","css-19uc56f href","css-129m7dg"
"HR Advisor - Salvos Stores","https://salvationarmy.wd3.myworkdayjobs.com/en-US/Salvos/job/Carole-Park-QLD-Australia/HR-Advisor---Salvos-Stores_R48699-1?workerSubType=232ddb0d8038014c39b9a752e9118864&workerSubType=232ddb0d8038016b3e98a752e9118764&workerSubType=232ddb0d803801c22875a752e9118664","Permanent | Carole Park, QLD, Australia | Human Resources Department"
"Ministry Assistant","https://salvationarmy.wd3.myworkdayjobs.com/en-US/Salvos/job/Morphett-Vale-SA-Australia/Ministry-Assistant_R47903-1?workerSubType=232ddb0d8038014c39b9a752e9118864&workerSubType=232ddb0d8038016b3e98a752e9118764&workerSubType=232ddb0d803801c22875a752e9118664","Permanent | Morphett Vale, SA, Australia | SA/NT Division"
"Driver - Fyshwick","https://salvationarmy.wd3.myworkdayjobs.com/en-US/Salvos/job/Fyshwick-ACT-Australia/Driver---Fyshwick_R48800-1?workerSubType=232ddb0d8038014c39b9a752e9118864&workerSubType=232ddb0d8038016b3e98a752e9118764&workerSubType=232ddb0d803801c22875a752e9118664","Permanent | Fyshwick, ACT, Australia | Salvos Stores"
"Youth Worker","https://salvationarmy.wd3.myworkdayjobs.com/en-US/Salvos/job/Chisholm-ACT-Australia/Youth-Worker_R48783-1?workerSubType=232ddb0d8038014c39b9a752e9118864&workerSubType=232ddb0d8038016b3e98a752e9118764&workerSubType=232ddb0d803801c22875a752e9118664","Permanent | Chisholm, ACT, Australia | Youth and Education"
"Casual Sales Assistant","https://salvationarmy.wd3.myworkdayjobs.com/en-US/Salvos/job/Orange-NSW-Australia/Casual-Sales-Assistant_R48878-1?workerSubType=232ddb0d8038014c39b9a752e9118864&workerSubType=232ddb0d8038016b3e98a752e9118764&workerSubType=232ddb0d803801c22875a752e9118664","Casual | 2 Locations | Salvos Stores"
"Employment Consultant - Gungahlin (Parental leave contract)","https://salvationarmy.wd3.myworkdayjobs.com/en-US/Salvos/job/Gungahlin-ACT-Australia/Employment-Consultant---Gungahlin--Parental-leave-contract-_R48951-2?workerSubType=232ddb0d8038014c39b9a752e9118864&workerSubType=232ddb0d8038016b3e98a752e9118764&workerSubType=232ddb0d803801c22875a752e9118664","Maximum Term (Fixed Term) | Gungahlin, ACT, Australia | Employment Plus"
"Sales Assistant Lakehaven Salvos Stores","https://salvationarmy.wd3.myworkdayjobs.com/en-US/Salvos/job/Toronto-NSW-Australia/Sales-Assistant-Lakehaven-Salvos-Stores_R48886-1?workerSubType=232ddb0d8038014c39b9a752e9118864&workerSubType=232ddb0d8038016b3e98a752e9118764&workerSubType=232ddb0d803801c22875a752e9118664","Permanent | Toronto, NSW, Australia | Salvos Stores"
"Sales Assistant","https://salvationarmy.wd3.myworkdayjobs.com/en-US/Salvos/job/Toronto-NSW-Australia/Sales-Assistant_R48885-1?workerSubType=232ddb0d8038014c39b9a752e9118864&workerSubType=232ddb0d8038016b3e98a752e9118764&workerSubType=232ddb0d803801c22875a752e9118664","Permanent | Toronto, NSW, Australia | Salvos Stores"
"Youth State Practice Lead (QLD)","https://salvationarmy.wd3.myworkdayjobs.com/en-US/Salvos/job/Spring-Hill-QLD-Australia/Youth-State-Practice-Lead--QLD-_R48929-1?workerSubType=232ddb0d8038014c39b9a752e9118864&workerSubType=232ddb0d8038016b3e98a752e9118764&workerSubType=232ddb0d803801c22875a752e9118664","Permanent | Spring Hill, QLD, Australia | Youth and Education"
"Casual Sales Assistant - Tweed Heads South","https://salvationarmy.wd3.myworkdayjobs.com/en-US/Salvos/job/Tweed-Heads-South-NSW-Australia/Casual-Sales-Assistant---Tweed-Heads-South_R48860-1?workerSubType=232ddb0d8038014c39b9a752e9118864&workerSubType=232ddb0d8038016b3e98a752e9118764&workerSubType=232ddb0d803801c22875a752e9118664","Casual | Tweed Heads South, NSW, Australia | Salvos Stores"
"Assistant Cairns Street Chaplains Team Leader","https://salvationarmy.wd3.myworkdayjobs.com/en-US/Salvos/job/Manunda-QLD-Australia/Assistant-Cairns-Street-Chaplains-Team-Leader_R48865-2?workerSubType=232ddb0d8038014c39b9a752e9118864&workerSubType=232ddb0d8038016b3e98a752e9118764&workerSubType=232ddb0d803801c22875a752e9118664","Permanent | Manunda, QLD, Australia | QLD Division"
"First Response Case Worker","https://salvationarmy.wd3.myworkdayjobs.com/en-US/Salvos/job/Nambour-QLD-Australia/First-Response-Case-Worker_R48621-1?workerSubType=232ddb0d8038014c39b9a752e9118864&workerSubType=232ddb0d8038016b3e98a752e9118764&workerSubType=232ddb0d803801c22875a752e9118664","Maximum Term (Fixed Term) | Nambour, QLD, Australia | Homelessness"
"Team Leader Youth Services","https://salvationarmy.wd3.myworkdayjobs.com/en-US/Salvos/job/Kalgoorlie-WA-Australia/Team-Leader---Kalgoorlie-Boulder-Youth-Accommodation-Service_R44425-2?workerSubType=232ddb0d8038014c39b9a752e9118864&workerSubType=232ddb0d8038016b3e98a752e9118764&workerSubType=232ddb0d803801c22875a752e9118664","Permanent | Kalgoorlie, WA, Australia | Youth and Education"
"AOD Specialist","https://salvationarmy.wd3.myworkdayjobs.com/en-US/Salvos/job/New-Town-TAS-Australia/AOD-Specialist_R48843?workerSubType=232ddb0d8038014c39b9a752e9118864&workerSubType=232ddb0d8038016b3e98a752e9118764&workerSubType=232ddb0d803801c22875a752e9118664","Maximum Term (Fixed Term) | New Town, TAS, Australia | Alcohol and Other Drugs"
"Talent Acquisition Consultant (parental leave contract)","https://salvationarmy.wd3.myworkdayjobs.com/en-US/Salvos/job/Blackburn-VIC-Australia/Talent-Acquisition-Consultant--parental-leave-contract-_R48914-1?workerSubType=232ddb0d8038014c39b9a752e9118864&workerSubType=232ddb0d8038016b3e98a752e9118764&workerSubType=232ddb0d803801c22875a752e9118664","Maximum Term (Fixed Term) | Blackburn, VIC, Australia |"
"Youth Worker","https://salvationarmy.wd3.myworkdayjobs.com/en-US/Salvos/job/Karratha-WA-Australia/Youth-Worker_R47788-1?workerSubType=232ddb0d8038014c39b9a752e9118864&workerSubType=232ddb0d8038016b3e98a752e9118764&workerSubType=232ddb0d803801c22875a752e9118664","Casual | Karratha, WA, Australia | Youth and Education"
"Vocational Trainer - Wivenhoe","https://salvationarmy.wd3.myworkdayjobs.com/en-US/Salvos/job/Ipswich-QLD-Australia/Vocational-Trainer---Wivenhoe_R48815-1?workerSubType=232ddb0d8038014c39b9a752e9118864&workerSubType=232ddb0d8038016b3e98a752e9118764&workerSubType=232ddb0d803801c22875a752e9118664","Permanent | Ipswich, QLD, Australia | Employment Plus"
"AOD Case Manager","https://salvationarmy.wd3.myworkdayjobs.com/en-US/Salvos/job/Berrimah-NT-Australia/AOD-Case-Manager_R47715-1?workerSubType=232ddb0d8038014c39b9a752e9118864&workerSubType=232ddb0d8038016b3e98a752e9118764&workerSubType=232ddb0d803801c22875a752e9118664","Permanent | Berrimah, NT, Australia | Alcohol and Other Drugs"
"Store Manager","https://salvationarmy.wd3.myworkdayjobs.com/en-US/Salvos/job/Deer-Park-VIC-Australia/Store-Manager_R47021-1?workerSubType=232ddb0d8038014c39b9a752e9118864&workerSubType=232ddb0d8038016b3e98a752e9118764&workerSubType=232ddb0d803801c22875a752e9118664","Permanent | Deer Park, VIC, Australia | Salvos Stores"
"Sales Assistant","https://salvationarmy.wd3.myworkdayjobs.com/en-US/Salvos/job/Manunda-QLD-Australia/Sales-Assistant_R48744-1?workerSubType=232ddb0d8038014c39b9a752e9118864&workerSubType=232ddb0d8038016b3e98a752e9118764&workerSubType=232ddb0d803801c22875a752e9118664","Casual | Manunda, QLD, Australia | QLD Division"
"Home Care Worker - Sunbury / Melton","https://salvationarmy.wd3.myworkdayjobs.com/en-US/Salvos/job/Abbotsford-VIC-Australia/Home-Care-Worker---Sunbury---Melton_R48880-1?workerSubType=232ddb0d8038014c39b9a752e9118864&workerSubType=232ddb0d8038016b3e98a752e9118764&workerSubType=232ddb0d803801c22875a752e9118664","Casual | Abbotsford, VIC, Australia | Aged Care"
"Home Care Worker - Inner Suburbs","https://salvationarmy.wd3.myworkdayjobs.com/en-US/Salvos/job/Abbotsford-VIC-Australia/Home-Care-Worker---Inner-Suburbs_R48879-1?workerSubType=232ddb0d8038014c39b9a752e9118864&workerSubType=232ddb0d8038016b3e98a752e9118764&workerSubType=232ddb0d803801c22875a752e9118664","Casual | Abbotsford, VIC, Australia | Aged Care"
"Sales Assistant Aldgate","https://salvationarmy.wd3.myworkdayjobs.com/en-US/Salvos/job/Aldgate-SA-Australia/Sales-Assistant-Aldgate_R48855-1?workerSubType=232ddb0d8038014c39b9a752e9118864&workerSubType=232ddb0d8038016b3e98a752e9118764&workerSubType=232ddb0d803801c22875a752e9118664","Permanent | Aldgate, SA, Australia | Salvos Stores"
"Casual Sales Assistant Berri","https://salvationarmy.wd3.myworkdayjobs.com/en-US/Salvos/job/Berri-SA-Australia/Casual-Sales-Assistant-Berri_R48853?workerSubType=232ddb0d8038014c39b9a752e9118864&workerSubType=232ddb0d8038016b3e98a752e9118764&workerSubType=232ddb0d803801c22875a752e9118664","Casual | Berri, SA, Australia | Salvos Stores"
"Outreach Case Manager - Family Violence Specialist","https://salvationarmy.wd3.myworkdayjobs.com/en-US/Salvos/job/Surry-Hills-NSW-Australia/Outreach-Case-Manager---Family-Violence-Specialist_R48664-2?workerSubType=232ddb0d8038014c39b9a752e9118864&workerSubType=232ddb0d8038016b3e98a752e9118764&workerSubType=232ddb0d803801c22875a752e9118664","Maximum Term (Fixed Term) | Surry Hills, NSW, Australia | Family & Domestic Violence"
"Registered Nurse- Bulk recruitment day","https://salvationarmy.wd3.myworkdayjobs.com/en-US/Salvos/job/Angle-Park-SA-Australia/Registered-Nurse--Bulk-recruitment-day_R48869-1?workerSubType=232ddb0d8038014c39b9a752e9118864&workerSubType=232ddb0d8038016b3e98a752e9118764&workerSubType=232ddb0d803801c22875a752e9118664","Permanent | Angle Park, SA, Australia | Aged Care"
"Doorways Emergency Relief Assessor","https://salvationarmy.wd3.myworkdayjobs.com/en-US/Salvos/job/Wagga-Wagga-NSW-Australia/Doorways-Emergency-Relief-Assessor_R48652-2?workerSubType=232ddb0d8038014c39b9a752e9118864&workerSubType=232ddb0d8038016b3e98a752e9118764&workerSubType=232ddb0d803801c22875a752e9118664","Permanent | Wagga Wagga, NSW, Australia | Community Services Doorways"
"Care Service Employee- bulk recruitment day","https://salvationarmy.wd3.myworkdayjobs.com/en-US/Salvos/job/Regency-Park-SA-Australia/Care-Service-Employee--bulk-recruitment-day_R48871-1?workerSubType=232ddb0d8038014c39b9a752e9118864&workerSubType=232ddb0d8038016b3e98a752e9118764&workerSubType=232ddb0d803801c22875a752e9118664","Permanent | Regency Park, SA, Australia | Aged Care"
"Admin Assistant 3","https://salvationarmy.wd3.myworkdayjobs.com/en-US/Salvos/job/Fullarton-SA-Australia/Admin-Assistant-3_R48766-1?workerSubType=232ddb0d8038014c39b9a752e9118864&workerSubType=232ddb0d8038016b3e98a752e9118764&workerSubType=232ddb0d803801c22875a752e9118664","Permanent | Fullarton, SA, Australia | Divisional Governance"
"Care Service Employee - PPT","https://salvationarmy.wd3.myworkdayjobs.com/en-US/Salvos/job/Port-Macquarie-NSW-Australia/Care-Service-Employee---PPT_R48858-2?workerSubType=232ddb0d8038014c39b9a752e9118864&workerSubType=232ddb0d8038016b3e98a752e9118764&workerSubType=232ddb0d803801c22875a752e9118664","Permanent | Port Macquarie, NSW, Australia | Aged Care"
"Financial Capability Worker","https://salvationarmy.wd3.myworkdayjobs.com/en-US/Salvos/job/Alice-Springs-NT-Australia/Financial-Capability-Worker_R48828-1?workerSubType=232ddb0d8038014c39b9a752e9118864&workerSubType=232ddb0d8038016b3e98a752e9118764&workerSubType=232ddb0d803801c22875a752e9118664","Maximum Term (Fixed Term) | Alice Springs, NT, Australia | Community Services Moneycare"
"Program Support Team Leader","https://salvationarmy.wd3.myworkdayjobs.com/en-US/Salvos/job/Red-Hill-QLD-Australia/Program-Support-Team-Leader_R48830-1?workerSubType=232ddb0d8038014c39b9a752e9118864&workerSubType=232ddb0d8038016b3e98a752e9118764&workerSubType=232ddb0d803801c22875a752e9118664","Permanent | Red Hill, QLD, Australia | Alcohol and Other Drugs"
"Child Case Worker","https://salvationarmy.wd3.myworkdayjobs.com/en-US/Salvos/job/Woodroffe-NT-Australia/Specialist-Children-s-Practitioner_R47951-1?workerSubType=232ddb0d8038014c39b9a752e9118864&workerSubType=232ddb0d8038016b3e98a752e9118764&workerSubType=232ddb0d803801c22875a752e9118664","Maximum Term (Fixed Term) | Woodroffe, NT, Australia | Family & Domestic Violence"
"Teacher","https://salvationarmy.wd3.myworkdayjobs.com/en-US/Salvos/job/Lawnton-QLD-Australia/Teacher_R48818-1?workerSubType=232ddb0d8038014c39b9a752e9118864&workerSubType=232ddb0d8038016b3e98a752e9118764&workerSubType=232ddb0d803801c22875a752e9118664","Permanent | Lawnton, QLD, Australia | Youth and Education"
"Court Triage and Housing Worker","https://salvationarmy.wd3.myworkdayjobs.com/en-US/Salvos/job/Coburg-North-VIC-Australia/Court-Triage-and-Housing-Worker_R48795-2?workerSubType=232ddb0d8038014c39b9a752e9118864&workerSubType=232ddb0d8038016b3e98a752e9118764&workerSubType=232ddb0d803801c22875a752e9118664","Permanent | Coburg North, VIC, Australia | Homelessness"
"Store Manager Armidale","https://salvationarmy.wd3.myworkdayjobs.com/en-US/Salvos/job/Armidale-NSW-Australia/Store-Manager-Armidale_R48848-1?workerSubType=232ddb0d8038014c39b9a752e9118864&workerSubType=232ddb0d8038016b3e98a752e9118764&workerSubType=232ddb0d803801c22875a752e9118664","Permanent | Armidale, NSW, Australia | Salvos Stores"
"Registered Nurse - PPT","https://salvationarmy.wd3.myworkdayjobs.com/en-US/Salvos/job/Merewether-NSW-Australia/Registered-Nurse---PPT_R48806-1?workerSubType=232ddb0d8038014c39b9a752e9118864&workerSubType=232ddb0d8038016b3e98a752e9118764&workerSubType=232ddb0d803801c22875a752e9118664","Permanent | Merewether, NSW, Australia | Aged Care"
"Youth Support Worker","https://salvationarmy.wd3.myworkdayjobs.com/en-US/Salvos/job/Bundaberg-QLD-Australia/Youth-Support-Worker_R48794-1?workerSubType=232ddb0d8038014c39b9a752e9118864&workerSubType=232ddb0d8038016b3e98a752e9118764&workerSubType=232ddb0d803801c22875a752e9118664","Permanent | Bundaberg, QLD, Australia | Youth and Education"
"Part-time Sales Assistant","https://salvationarmy.wd3.myworkdayjobs.com/en-US/Salvos/job/West-Geelong-VIC-Australia/Part-time-Sales-Assistant_R48805-1?workerSubType=232ddb0d8038014c39b9a752e9118864&workerSubType=232ddb0d8038016b3e98a752e9118764&workerSubType=232ddb0d803801c22875a752e9118664","Permanent | West Geelong, VIC, Australia | Salvos Stores"
"Registered Nurse - Casual","https://salvationarmy.wd3.myworkdayjobs.com/en-US/Salvos/job/Gosnells-WA-Australia/Registered-Nurse---Casual_R48655-1?workerSubType=232ddb0d8038014c39b9a752e9118864&workerSubType=232ddb0d8038016b3e98a752e9118764&workerSubType=232ddb0d803801c22875a752e9118664","Casual | Gosnells, WA, Australia | Aged Care"
"Case Manager","https://salvationarmy.wd3.myworkdayjobs.com/en-US/Salvos/job/Surry-Hills-NSW-Australia/Case-Manager_R48784-1?workerSubType=232ddb0d8038014c39b9a752e9118864&workerSubType=232ddb0d8038016b3e98a752e9118764&workerSubType=232ddb0d803801c22875a752e9118664","Permanent | Surry Hills, NSW, Australia | Youth and Education"
"Support Worker (Casual)","https://salvationarmy.wd3.myworkdayjobs.com/en-US/Salvos/job/Dooralong-NSW-Australia/Support-Worker--Casual-_R48781-1?workerSubType=232ddb0d8038014c39b9a752e9118864&workerSubType=232ddb0d8038016b3e98a752e9118764&workerSubType=232ddb0d803801c22875a752e9118664","Casual | Dooralong, NSW, Australia | Alcohol and Other Drugs"
"Program Manager","https://salvationarmy.wd3.myworkdayjobs.com/en-US/Salvos/job/Griffith-NSW-Australia/Program-Manager_R48802-1?workerSubType=232ddb0d8038014c39b9a752e9118864&workerSubType=232ddb0d8038016b3e98a752e9118764&workerSubType=232ddb0d803801c22875a752e9118664","Permanent | Griffith, NSW, Australia | Homelessness"
"Vocational Trainer - Hunter","https://salvationarmy.wd3.myworkdayjobs.com/en-US/Salvos/job/Charlestown-NSW-Australia/Vocational-Trainer---Hunter_R48786-1?workerSubType=232ddb0d8038014c39b9a752e9118864&workerSubType=232ddb0d8038016b3e98a752e9118764&workerSubType=232ddb0d803801c22875a752e9118664","Permanent | Charlestown, NSW, Australia | Employment Plus"
"Job Coach - DES - Capital","https://salvationarmy.wd3.myworkdayjobs.com/en-US/Salvos/job/Belconnen-ACT-Australia/Job-Coach---DES---Capital_R47496-1?workerSubType=232ddb0d8038014c39b9a752e9118864&workerSubType=232ddb0d8038016b3e98a752e9118764&workerSubType=232ddb0d803801c22875a752e9118664","Permanent | Belconnen, ACT, Australia |"
"WHS Manager","https://salvationarmy.wd3.myworkdayjobs.com/en-US/Salvos/job/Blackburn-VIC-Australia/WHS-Manager_R48825-1?workerSubType=232ddb0d8038014c39b9a752e9118864&workerSubType=232ddb0d8038016b3e98a752e9118764&workerSubType=232ddb0d803801c22875a752e9118664","Permanent | Blackburn, VIC, Australia |"
"Part Time Sales Assistant Cannington","https://salvationarmy.wd3.myworkdayjobs.com/en-US/Salvos/job/Cannington-WA-Australia/Part-Time-Sales-Assistant-Cannington_R48789-1?workerSubType=232ddb0d8038014c39b9a752e9118864&workerSubType=232ddb0d8038016b3e98a752e9118764&workerSubType=232ddb0d803801c22875a752e9118664","Permanent | Cannington, WA, Australia | Salvos Stores"
"Case Manager","https://salvationarmy.wd3.myworkdayjobs.com/en-US/Salvos/job/Berrimah-NT-Australia/Case-Manager_R48624-1?workerSubType=232ddb0d8038014c39b9a752e9118864&workerSubType=232ddb0d8038016b3e98a752e9118764&workerSubType=232ddb0d803801c22875a752e9118664","Permanent | Berrimah, NT, Australia | Alcohol and Other Drugs"
"Youth and Children Ministry Co-ordinator","https://salvationarmy.wd3.myworkdayjobs.com/en-US/Salvos/job/Bunbury-WA-Australia/Youth-and-Children-Ministry-Co-ordinator_R48678-1?workerSubType=232ddb0d8038014c39b9a752e9118864&workerSubType=232ddb0d8038016b3e98a752e9118764&workerSubType=232ddb0d803801c22875a752e9118664","Maximum Term (Fixed Term) | 2 Locations | WA Division"
"Support Worker","https://salvationarmy.wd3.myworkdayjobs.com/en-US/Salvos/job/Red-Hill-QLD-Australia/Support-Worker_R46882-1?workerSubType=232ddb0d8038014c39b9a752e9118864&workerSubType=232ddb0d8038016b3e98a752e9118764&workerSubType=232ddb0d803801c22875a752e9118664","Casual | Red Hill, QLD, Australia | Alcohol and Other Drugs"
"Home Care Worker -Western Suburbs","https://salvationarmy.wd3.myworkdayjobs.com/en-US/Salvos/job/Abbotsford-VIC-Australia/Home-Care-Worker--Western-Suburbs_R48749-1?workerSubType=232ddb0d8038014c39b9a752e9118864&workerSubType=232ddb0d8038016b3e98a752e9118764&workerSubType=232ddb0d803801c22875a752e9118664","Casual | Abbotsford, VIC, Australia | Aged Care"
"Part-time Online Sales Assistant","https://salvationarmy.wd3.myworkdayjobs.com/en-US/Salvos/job/Carole-Park-QLD-Australia/Part-time-Online-Sales-Assistant_R48770-2?workerSubType=232ddb0d8038014c39b9a752e9118864&workerSubType=232ddb0d8038016b3e98a752e9118764&workerSubType=232ddb0d803801c22875a752e9118664","Permanent | Carole Park, QLD, Australia | Salvos Stores"
"Care Service Employee","https://salvationarmy.wd3.myworkdayjobs.com/en-US/Salvos/job/Goulburn-NSW-Australia/Care-Service-Employee_R47250-1?workerSubType=232ddb0d8038014c39b9a752e9118864&workerSubType=232ddb0d8038016b3e98a752e9118764&workerSubType=232ddb0d803801c22875a752e9118664","Casual | Goulburn, NSW, Australia | Aged Care"
"State Manager - Youth SA","https://salvationarmy.wd3.myworkdayjobs.com/en-US/Salvos/job/Fullarton-SA-Australia/State-Manager---Youth-SA_R48698-1?workerSubType=232ddb0d8038014c39b9a752e9118864&workerSubType=232ddb0d8038016b3e98a752e9118764&workerSubType=232ddb0d803801c22875a752e9118664","Permanent | Fullarton, SA, Australia | Youth and Education"
"Casual Online Sales Assistant","https://salvationarmy.wd3.myworkdayjobs.com/en-US/Salvos/job/Carole-Park-QLD-Australia/Casual-Online-Sales-Assistant_R48768-1?workerSubType=232ddb0d8038014c39b9a752e9118864&workerSubType=232ddb0d8038016b3e98a752e9118764&workerSubType=232ddb0d803801c22875a752e9118664","Casual | Carole Park, QLD, Australia | Salvos Stores"
"Sales Assistant Nowra","https://salvationarmy.wd3.myworkdayjobs.com/en-US/Salvos/job/Nowra-NSW-Australia/Sales-Assistant_R43782-2?workerSubType=232ddb0d8038014c39b9a752e9118864&workerSubType=232ddb0d8038016b3e98a752e9118764&workerSubType=232ddb0d803801c22875a752e9118664","Casual | Nowra, NSW, Australia | Salvos Stores"
"Community Connection Worker","https://salvationarmy.wd3.myworkdayjobs.com/en-US/Salvos/job/Manly-NSW-Australia/Community-Connection-Worker_R48739-1?workerSubType=232ddb0d8038014c39b9a752e9118864&workerSubType=232ddb0d8038016b3e98a752e9118764&workerSubType=232ddb0d803801c22875a752e9118664","Permanent | Manly, NSW, Australia | NSW/ACT Division"
"Care Service Employee - PPT","https://salvationarmy.wd3.myworkdayjobs.com/en-US/Salvos/job/Mossman-QLD-Australia/Care-Service-Employee---PPT_R48787?workerSubType=232ddb0d8038014c39b9a752e9118864&workerSubType=232ddb0d8038016b3e98a752e9118764&workerSubType=232ddb0d803801c22875a752e9118664","Permanent | Mossman, QLD, Australia | Aged Care"
"Volunteer Coordinator","https://salvationarmy.wd3.myworkdayjobs.com/en-US/Salvos/job/Surry-Hills-NSW-Australia/Volunteer-Coordinator_R48747-1?workerSubType=232ddb0d8038014c39b9a752e9118864&workerSubType=232ddb0d8038016b3e98a752e9118764&workerSubType=232ddb0d803801c22875a752e9118664","Permanent | Surry Hills, NSW, Australia | NSW/ACT Division"
"Afterhours Youth Support Worker â€“ Casual-1","https://salvationarmy.wd3.myworkdayjobs.com/en-US/Salvos/job/Shepparton-VIC-Australia/Afterhours-Youth-Support-Worker---Casual-1_R48693-1?workerSubType=232ddb0d8038014c39b9a752e9118864&workerSubType=232ddb0d8038016b3e98a752e9118764&workerSubType=232ddb0d803801c22875a752e9118664","Casual | Shepparton, VIC, Australia | Youth and Education"
"Sales Assistant Hampton Park","https://salvationarmy.wd3.myworkdayjobs.com/en-US/Salvos/job/Hampton-Park-VIC-Australia/Sales-Assistant-Hampton-Park_R48713-1?workerSubType=232ddb0d8038014c39b9a752e9118864&workerSubType=232ddb0d8038016b3e98a752e9118764&workerSubType=232ddb0d803801c22875a752e9118664","Permanent | Hampton Park, VIC, Australia | Salvos Stores"
"Sales Assistant Hoppers Crossing","https://salvationarmy.wd3.myworkdayjobs.com/en-US/Salvos/job/Hoppers-Crossing-VIC-Australia/Sales-Assistant-Hoppers-Crossing_R48756?workerSubType=232ddb0d8038014c39b9a752e9118864&workerSubType=232ddb0d8038016b3e98a752e9118764&workerSubType=232ddb0d803801c22875a752e9118664","Permanent | Hoppers Crossing, VIC, Australia | Salvos Stores"
"Thrift shop manager","https://salvationarmy.wd3.myworkdayjobs.com/en-US/Salvos/job/Ocean-Grove-VIC-Australia/Thrift-shop-manager_R48681-1?workerSubType=232ddb0d8038014c39b9a752e9118864&workerSubType=232ddb0d8038016b3e98a752e9118764&workerSubType=232ddb0d803801c22875a752e9118664","Maximum Term (Fixed Term) | Ocean Grove, VIC, Australia | VIC Division"
"Centre Manager","https://salvationarmy.wd3.myworkdayjobs.com/en-US/Salvos/job/Eagle-Heights-QLD-Australia/Centre-Manager_R48733-1?workerSubType=232ddb0d8038014c39b9a752e9118864&workerSubType=232ddb0d8038016b3e98a752e9118764&workerSubType=232ddb0d803801c22875a752e9118664","Permanent | Eagle Heights, QLD, Australia | Alcohol and Other Drugs"
"Case Manager","https://salvationarmy.wd3.myworkdayjobs.com/en-US/Salvos/job/Griffith-NSW-Australia/Case-Manager_R48358-1?workerSubType=232ddb0d8038014c39b9a752e9118864&workerSubType=232ddb0d8038016b3e98a752e9118764&workerSubType=232ddb0d803801c22875a752e9118664","Permanent | Griffith, NSW, Australia | Homelessness"
"Youth Case Manager","https://salvationarmy.wd3.myworkdayjobs.com/en-US/Salvos/job/Rowes-Bay-QLD-Australia/Youth-Case-Manager_R48707-1?workerSubType=232ddb0d8038014c39b9a752e9118864&workerSubType=232ddb0d8038016b3e98a752e9118764&workerSubType=232ddb0d803801c22875a752e9118664","Permanent | Rowes Bay, QLD, Australia | Youth and Education"
"Ministry Assistant - Children, Youth and Families","https://salvationarmy.wd3.myworkdayjobs.com/en-US/Salvos/job/Box-Hill-VIC-Australia/Ministry-Assistant---Children--Youth-and-Families_R47332?workerSubType=232ddb0d8038014c39b9a752e9118864&workerSubType=232ddb0d8038016b3e98a752e9118764&workerSubType=232ddb0d803801c22875a752e9118664","Permanent | Box Hill, VIC, Australia | VIC Division"
"Site Manager - Lilydale","https://salvationarmy.wd3.myworkdayjobs.com/en-US/Salvos/job/Lilydale-VIC-Australia/Site-Manager---Lilydale--Parental-Leave-Contract-_R45676?workerSubType=232ddb0d8038014c39b9a752e9118864&workerSubType=232ddb0d8038016b3e98a752e9118764&workerSubType=232ddb0d803801c22875a752e9118664","Permanent | Lilydale, VIC, Australia | Employment Plus"
"Safeguarding Consultant (NSW/ACT)","https://salvationarmy.wd3.myworkdayjobs.com/en-US/Salvos/job/Redfern-NSW-Australia/Safeguarding-Consultant--NSW-ACT-_R46189?workerSubType=232ddb0d8038014c39b9a752e9118864&workerSubType=232ddb0d8038016b3e98a752e9118764&workerSubType=232ddb0d803801c22875a752e9118664","Permanent | Redfern, NSW, Australia | Quality and Safeguarding"
"Home Care Worker","https://salvationarmy.wd3.myworkdayjobs.com/en-US/Salvos/job/Arncliffe-NSW-Australia/Home-Care-Worker_R48705-2?workerSubType=232ddb0d8038014c39b9a752e9118864&workerSubType=232ddb0d8038016b3e98a752e9118764&workerSubType=232ddb0d803801c22875a752e9118664","Casual | Arncliffe, NSW, Australia | Aged Care"
"Part-time Sales Assistant","https://salvationarmy.wd3.myworkdayjobs.com/en-US/Salvos/job/Neutral-Bay-NSW-Australia/Part-time-Sales-Assistant_R48708-1?workerSubType=232ddb0d8038014c39b9a752e9118864&workerSubType=232ddb0d8038016b3e98a752e9118764&workerSubType=232ddb0d803801c22875a752e9118664","Permanent | Neutral Bay, NSW, Australia | Salvos Stores"
"Sales Assistant","https://salvationarmy.wd3.myworkdayjobs.com/en-US/Salvos/job/Malvern-VIC-Australia/Sales-Assistant_R46607-1?workerSubType=232ddb0d8038014c39b9a752e9118864&workerSubType=232ddb0d8038016b3e98a752e9118764&workerSubType=232ddb0d803801c22875a752e9118664","Permanent | Malvern, VIC, Australia | Salvos Stores"
"Administration Assistant | Aged Care | Adelaide","https://salvationarmy.wd3.myworkdayjobs.com/en-US/Salvos/job/Regency-Park-SA-Australia/Administration-Assistant---Aged-Care---Adelaide_R48732-1?workerSubType=232ddb0d8038014c39b9a752e9118864&workerSubType=232ddb0d8038016b3e98a752e9118764&workerSubType=232ddb0d803801c22875a752e9118664","Permanent | Regency Park, SA, Australia | Aged Care"
"Care Coordination Team Leader","https://salvationarmy.wd3.myworkdayjobs.com/en-US/Salvos/job/Footscray-VIC-Australia/Care-Coordination-Team-Leader_R48445-1?workerSubType=232ddb0d8038014c39b9a752e9118864&workerSubType=232ddb0d8038016b3e98a752e9118764&workerSubType=232ddb0d803801c22875a752e9118664","Permanent | Footscray, VIC, Australia | Homelessness"
"Care Service Employee","https://salvationarmy.wd3.myworkdayjobs.com/en-US/Salvos/job/New-Town-TAS-Australia/Care-Service-Employee_R43854-1?workerSubType=232ddb0d8038014c39b9a752e9118864&workerSubType=232ddb0d8038016b3e98a752e9118764&workerSubType=232ddb0d803801c22875a752e9118664","Permanent | New Town, TAS, Australia | Aged Care"
"Senior Sales Assistant Portland Thrift Shop","https://salvationarmy.wd3.myworkdayjobs.com/en-US/Salvos/job/Portland-VIC-Australia/Senior-Sales-Assistant-Portland-Thrift-Shop_R48587-2?workerSubType=232ddb0d8038014c39b9a752e9118864&workerSubType=232ddb0d8038016b3e98a752e9118764&workerSubType=232ddb0d803801c22875a752e9118664","Maximum Term (Fixed Term) | Portland, VIC, Australia | VIC Division"
"Registered Nurse","https://salvationarmy.wd3.myworkdayjobs.com/en-US/Salvos/job/New-Town-TAS-Australia/Registered-Nurse_R48718-1?workerSubType=232ddb0d8038014c39b9a752e9118864&workerSubType=232ddb0d8038016b3e98a752e9118764&workerSubType=232ddb0d803801c22875a752e9118664","Permanent | New Town, TAS, Australia | Aged Care"
"Store Manager - Ballina","https://salvationarmy.wd3.myworkdayjobs.com/en-US/Salvos/job/Ballina-NSW-Australia/Store-Manager---Ballina_R46614-1?workerSubType=232ddb0d8038014c39b9a752e9118864&workerSubType=232ddb0d8038016b3e98a752e9118764&workerSubType=232ddb0d803801c22875a752e9118664","Permanent | Ballina, NSW, Australia | Salvos Stores"
"Support Worker","https://salvationarmy.wd3.myworkdayjobs.com/en-US/Salvos/job/Balga-WA-Australia/Support-Worker_R48512-1?workerSubType=232ddb0d8038014c39b9a752e9118864&workerSubType=232ddb0d8038016b3e98a752e9118764&workerSubType=232ddb0d803801c22875a752e9118664","Casual | Balga, WA, Australia | Homelessness"
"Registered Nurse","https://salvationarmy.wd3.myworkdayjobs.com/en-US/Salvos/job/Eagle-Heights-QLD-Australia/Registered-Nurse_R46285-1?workerSubType=232ddb0d8038014c39b9a752e9118864&workerSubType=232ddb0d8038016b3e98a752e9118764&workerSubType=232ddb0d803801c22875a752e9118664","Casual | Eagle Heights, QLD, Australia | Alcohol and Other Drugs"
"Home Care Worker","https://salvationarmy.wd3.myworkdayjobs.com/en-US/Salvos/job/Port-Macquarie-NSW-Australia/Home-Care-Worker_R48672?workerSubType=232ddb0d8038014c39b9a752e9118864&workerSubType=232ddb0d8038016b3e98a752e9118764&workerSubType=232ddb0d803801c22875a752e9118664","Casual | Port Macquarie, NSW, Australia | Aged Care"
"Sales Assistant","https://salvationarmy.wd3.myworkdayjobs.com/en-US/Salvos/job/Canning-Vale-WA-Australia/Sales-Assistant_R47866-1?workerSubType=232ddb0d8038014c39b9a752e9118864&workerSubType=232ddb0d8038016b3e98a752e9118764&workerSubType=232ddb0d803801c22875a752e9118664","Casual | Canning Vale, WA, Australia | Salvos Stores"
"Causal Sales Assistant - Southwest Sydney","https://salvationarmy.wd3.myworkdayjobs.com/en-US/Salvos/job/Moorebank-NSW-Australia/Causal-Sales-Assistant---Southwest-Sydney_R48609?workerSubType=232ddb0d8038014c39b9a752e9118864&workerSubType=232ddb0d8038016b3e98a752e9118764&workerSubType=232ddb0d803801c22875a752e9118664","Casual | Moorebank, NSW, Australia | Salvos Stores"
"Support Worker - Family and Domestic Violence Specialist","https://salvationarmy.wd3.myworkdayjobs.com/en-US/Salvos/job/Surry-Hills-NSW-Australia/Support-Worker---Family-and-Domestic-Violence-Specialist_R48443-1?workerSubType=232ddb0d8038014c39b9a752e9118864&workerSubType=232ddb0d8038016b3e98a752e9118764&workerSubType=232ddb0d803801c22875a752e9118664","Permanent | Surry Hills, NSW, Australia | Family & Domestic Violence"
"Homelessness Specialist","https://salvationarmy.wd3.myworkdayjobs.com/en-US/Salvos/job/Coburg-North-VIC-Australia/Homelessness-Specialist_R48662-1?workerSubType=232ddb0d8038014c39b9a752e9118864&workerSubType=232ddb0d8038016b3e98a752e9118764&workerSubType=232ddb0d803801c22875a752e9118664","Permanent | Coburg North, VIC, Australia | Homelessness"
"Care Service Employee - Casual","https://salvationarmy.wd3.myworkdayjobs.com/en-US/Salvos/job/Riverview-QLD-Australia/Care-Service-Employee---Casual_R48141?workerSubType=232ddb0d8038014c39b9a752e9118864&workerSubType=232ddb0d8038016b3e98a752e9118764&workerSubType=232ddb0d803801c22875a752e9118664","Casual | Riverview, QLD, Australia | Aged Care"
"Intake Assessment & Planning Worker","https://salvationarmy.wd3.myworkdayjobs.com/en-US/Salvos/job/Chisholm-ACT-Australia/Intake-Assessment---Planning-Worker_R48532-1?workerSubType=232ddb0d8038014c39b9a752e9118864&workerSubType=232ddb0d8038016b3e98a752e9118764&workerSubType=232ddb0d803801c22875a752e9118664","Permanent | Chisholm, ACT, Australia | Youth and Education"
"Site and Program Administrator (STAR Program)","https://salvationarmy.wd3.myworkdayjobs.com/en-US/Salvos/job/Sunshine-VIC-Australia/Site-and-Program-Administrator--STAR-Program-_R48316-1?workerSubType=232ddb0d8038014c39b9a752e9118864&workerSubType=232ddb0d8038016b3e98a752e9118764&workerSubType=232ddb0d803801c22875a752e9118664","Permanent | 2 Locations | Mission Business Unit"
"Case Manager","https://salvationarmy.wd3.myworkdayjobs.com/en-US/Salvos/job/Port-Augusta-SA-Australia/Case-Manager_R48685?workerSubType=232ddb0d8038014c39b9a752e9118864&workerSubType=232ddb0d8038016b3e98a752e9118764&workerSubType=232ddb0d803801c22875a752e9118664","Maximum Term (Fixed Term) | Port Augusta, SA, Australia | Homelessness"
"Store Manager Byron Bay","https://salvationarmy.wd3.myworkdayjobs.com/en-US/Salvos/job/Byron-Bay-NSW-Australia/Store-Manager_R40920-1?workerSubType=232ddb0d8038014c39b9a752e9118864&workerSubType=232ddb0d8038016b3e98a752e9118764&workerSubType=232ddb0d803801c22875a752e9118664","Permanent | Byron Bay, NSW, Australia | Salvos Stores"
"Funeral Planner","https://salvationarmy.wd3.myworkdayjobs.com/en-US/Salvos/job/Blackburn-VIC-Australia/Funeral-Planner_R48658-1?workerSubType=232ddb0d8038014c39b9a752e9118864&workerSubType=232ddb0d8038016b3e98a752e9118764&workerSubType=232ddb0d803801c22875a752e9118664","Permanent | Blackburn, VIC, Australia | Salvos Funerals"
"AOD Education Support Worker","https://salvationarmy.wd3.myworkdayjobs.com/en-US/Salvos/job/Karratha-WA-Australia/AOD-Education-Support-Worker_R46393-1?workerSubType=232ddb0d8038014c39b9a752e9118864&workerSubType=232ddb0d8038016b3e98a752e9118764&workerSubType=232ddb0d803801c22875a752e9118664","Permanent | Karratha, WA, Australia | Youth and Education"
"Driver","https://salvationarmy.wd3.myworkdayjobs.com/en-US/Salvos/job/Bathurst-NSW-Australia/Driver_R45205-1?workerSubType=232ddb0d8038014c39b9a752e9118864&workerSubType=232ddb0d8038016b3e98a752e9118764&workerSubType=232ddb0d803801c22875a752e9118664","Permanent | Bathurst, NSW, Australia | Salvos Stores"
"Care Manager","https://salvationarmy.wd3.myworkdayjobs.com/en-US/Salvos/job/Port-Macquarie-NSW-Australia/Care-Manager_R47306-1?workerSubType=232ddb0d8038014c39b9a752e9118864&workerSubType=232ddb0d8038016b3e98a752e9118764&workerSubType=232ddb0d803801c22875a752e9118664","Permanent | Port Macquarie, NSW, Australia | Aged Care"
"Lifestyle Coordinator","https://salvationarmy.wd3.myworkdayjobs.com/en-US/Salvos/job/Goulburn-NSW-Australia/Lifestyle-Coordinator_R48614-1?workerSubType=232ddb0d8038014c39b9a752e9118864&workerSubType=232ddb0d8038016b3e98a752e9118764&workerSubType=232ddb0d803801c22875a752e9118664","Permanent | Goulburn, NSW, Australia | Aged Care"
"Senior Mentor - Parent Pathways - Hunter","https://salvationarmy.wd3.myworkdayjobs.com/en-US/Salvos/job/Charlestown-NSW-Australia/Senior-Mentor---Parent-Pathways---Hunter_R48667?workerSubType=232ddb0d8038014c39b9a752e9118864&workerSubType=232ddb0d8038016b3e98a752e9118764&workerSubType=232ddb0d803801c22875a752e9118664","Permanent | Charlestown, NSW, Australia | Employment Plus"
"Enrolled Nurse","https://salvationarmy.wd3.myworkdayjobs.com/en-US/Salvos/job/Mossman-QLD-Australia/Enrolled-Nurse_R48623-1?workerSubType=232ddb0d8038014c39b9a752e9118864&workerSubType=232ddb0d8038016b3e98a752e9118764&workerSubType=232ddb0d803801c22875a752e9118664","Casual | Mossman, QLD, Australia | Aged Care"
"Administration Support","https://salvationarmy.wd3.myworkdayjobs.com/en-US/Salvos/job/Blackburn-VIC-Australia/Administration-Support_R48644-1?workerSubType=232ddb0d8038014c39b9a752e9118864&workerSubType=232ddb0d8038016b3e98a752e9118764&workerSubType=232ddb0d803801c22875a752e9118664","Permanent | Blackburn, VIC, Australia | Salvos Funerals"
"Care Service Employee- Casual","https://salvationarmy.wd3.myworkdayjobs.com/en-US/Salvos/job/Arncliffe-NSW-Australia/Care-Service-Employee--Casual_R48657-1?workerSubType=232ddb0d8038014c39b9a752e9118864&workerSubType=232ddb0d8038016b3e98a752e9118764&workerSubType=232ddb0d803801c22875a752e9118664","Casual | Arncliffe, NSW, Australia | Aged Care"
"Expressions of Interest - Specialist Disability Employment Program - Program 2","https://salvationarmy.wd3.myworkdayjobs.com/en-US/Salvos/job/Blackburn-VIC-Australia/Expressions-of-Interest---Specialist-Disability-Employment-Program---Program-2_R48639-1?workerSubType=232ddb0d8038014c39b9a752e9118864&workerSubType=232ddb0d8038016b3e98a752e9118764&workerSubType=232ddb0d803801c22875a752e9118664","Permanent | Blackburn, VIC, Australia |"
"Expressions of Interest - Specialist Disability Employment Program - Program 1","https://salvationarmy.wd3.myworkdayjobs.com/en-US/Salvos/job/Blackburn-VIC-Australia/Expressions-of-Interest---Specialist-Disability-Employment-Program---Program-1_R48642-1?workerSubType=232ddb0d8038014c39b9a752e9118864&workerSubType=232ddb0d8038016b3e98a752e9118764&workerSubType=232ddb0d803801c22875a752e9118664","Permanent | Blackburn, VIC, Australia |"
"Casual Sales Assistant - Lismore","https://salvationarmy.wd3.myworkdayjobs.com/en-US/Salvos/job/Lismore-NSW-Australia/Casual-Sales-Assistant---Lismore_R48620-1?workerSubType=232ddb0d8038014c39b9a752e9118864&workerSubType=232ddb0d8038016b3e98a752e9118764&workerSubType=232ddb0d803801c22875a752e9118664","Casual | Lismore, NSW, Australia | Salvos Stores"
"Care Service Employee - Casual","https://salvationarmy.wd3.myworkdayjobs.com/en-US/Salvos/job/Collaroy-NSW-Australia/Care-Service-Employee---Casual_R48630-1?workerSubType=232ddb0d8038014c39b9a752e9118864&workerSubType=232ddb0d8038016b3e98a752e9118764&workerSubType=232ddb0d803801c22875a752e9118664","Casual | Collaroy, NSW, Australia | Aged Care"
"Registered Nurse- PPT","https://salvationarmy.wd3.myworkdayjobs.com/en-US/Salvos/job/Collaroy-NSW-Australia/Registered-Nurse--PPT_R48631-1?workerSubType=232ddb0d8038014c39b9a752e9118864&workerSubType=232ddb0d8038016b3e98a752e9118764&workerSubType=232ddb0d803801c22875a752e9118664","Permanent | Collaroy, NSW, Australia | Aged Care"
"Registered Nurse- Casual","https://salvationarmy.wd3.myworkdayjobs.com/en-US/Salvos/job/Collaroy-NSW-Australia/Registered-Nurse--PPT_R47010?workerSubType=232ddb0d8038014c39b9a752e9118864&workerSubType=232ddb0d8038016b3e98a752e9118764&workerSubType=232ddb0d803801c22875a752e9118664","Casual | Collaroy, NSW, Australia | Aged Care"
"Chaplain","https://salvationarmy.wd3.myworkdayjobs.com/en-US/Salvos/job/New-Town-TAS-Australia/Chaplain_R48449-1?workerSubType=232ddb0d8038014c39b9a752e9118864&workerSubType=232ddb0d8038016b3e98a752e9118764&workerSubType=232ddb0d803801c22875a752e9118664","Permanent | New Town, TAS, Australia | Aged Care"
"Clinical Care Coordinator","https://salvationarmy.wd3.myworkdayjobs.com/en-US/Salvos/job/New-Town-TAS-Australia/Clinical-Care-Coordinator_R48596-1?workerSubType=232ddb0d8038014c39b9a752e9118864&workerSubType=232ddb0d8038016b3e98a752e9118764&workerSubType=232ddb0d803801c22875a752e9118664","Maximum Term (Fixed Term) | New Town, TAS, Australia | Aged Care"
"Casual Sales Assistants - Rockhampton","https://salvationarmy.wd3.myworkdayjobs.com/en-US/Salvos/job/Rockhampton-QLD-Australia/Casual-Sales-Assistants---Rockhampton_R48189-1?workerSubType=232ddb0d8038014c39b9a752e9118864&workerSubType=232ddb0d8038016b3e98a752e9118764&workerSubType=232ddb0d803801c22875a752e9118664","Casual | Rockhampton, QLD, Australia | Salvos Stores"
"Support Worker","https://salvationarmy.wd3.myworkdayjobs.com/en-US/Salvos/job/Northbridge-WA-Australia/Support-Worker_R48507-1?workerSubType=232ddb0d8038014c39b9a752e9118864&workerSubType=232ddb0d8038016b3e98a752e9118764&workerSubType=232ddb0d803801c22875a752e9118664","Permanent | Northbridge, WA, Australia | Homelessness"
"Store Manager","https://salvationarmy.wd3.myworkdayjobs.com/en-US/Salvos/job/Hampton-VIC-Australia/Store-Manager_R47449-1?workerSubType=232ddb0d8038014c39b9a752e9118864&workerSubType=232ddb0d8038016b3e98a752e9118764&workerSubType=232ddb0d803801c22875a752e9118664","Permanent | Hampton, VIC, Australia | Salvos Stores"
"Scheduling Manager","https://salvationarmy.wd3.myworkdayjobs.com/en-US/Salvos/job/Sunshine-VIC-Australia/Scheduling-Manager_R48563-1?workerSubType=232ddb0d8038014c39b9a752e9118864&workerSubType=232ddb0d8038016b3e98a752e9118764&workerSubType=232ddb0d803801c22875a752e9118664","Permanent | Sunshine, VIC, Australia | Aged Care"
"Home Care Worker","https://salvationarmy.wd3.myworkdayjobs.com/en-US/Salvos/job/Ulverstone-TAS-Australia/Home-Care-Worker_R48582-1?workerSubType=232ddb0d8038014c39b9a752e9118864&workerSubType=232ddb0d8038016b3e98a752e9118764&workerSubType=232ddb0d803801c22875a752e9118664","Casual | Ulverstone, TAS, Australia | Aged Care"
"Maintenance Worker","https://salvationarmy.wd3.myworkdayjobs.com/en-US/Salvos/job/Arncliffe-NSW-Australia/Maintenance-Worker_R46003?workerSubType=232ddb0d8038014c39b9a752e9118864&workerSubType=232ddb0d8038016b3e98a752e9118764&workerSubType=232ddb0d803801c22875a752e9118664","Permanent | Arncliffe, NSW, Australia | Aged Care"
"Senior Case Manager","https://salvationarmy.wd3.myworkdayjobs.com/en-US/Salvos/job/Surry-Hills-NSW-Australia/Senior-Case-Manager_R47763-1?workerSubType=232ddb0d8038014c39b9a752e9118864&workerSubType=232ddb0d8038016b3e98a752e9118764&workerSubType=232ddb0d803801c22875a752e9118664","Permanent | Surry Hills, NSW, Australia | Family & Domestic Violence"
"Case Worker","https://salvationarmy.wd3.myworkdayjobs.com/en-US/Salvos/job/Hamilton-NSW-Australia/Case-Worker_R48499-1?workerSubType=232ddb0d8038014c39b9a752e9118864&workerSubType=232ddb0d8038016b3e98a752e9118764&workerSubType=232ddb0d803801c22875a752e9118664","Maximum Term (Fixed Term) | Hamilton, NSW, Australia | Community Services Doorways"
"Family Violence Support Worker","https://salvationarmy.wd3.myworkdayjobs.com/en-US/Salvos/job/Surry-Hills-NSW-Australia/Family-Violence-Support-Worker_R46563-1?workerSubType=232ddb0d8038014c39b9a752e9118864&workerSubType=232ddb0d8038016b3e98a752e9118764&workerSubType=232ddb0d803801c22875a752e9118664","Permanent | Surry Hills, NSW, Australia | Family & Domestic Violence"
"Program Administrator","https://salvationarmy.wd3.myworkdayjobs.com/en-US/Salvos/job/Corio-VIC-Australia/Program-Administrator_R48513-1?workerSubType=232ddb0d8038014c39b9a752e9118864&workerSubType=232ddb0d8038016b3e98a752e9118764&workerSubType=232ddb0d803801c22875a752e9118664","Permanent | Corio, VIC, Australia | Mission Business Unit"
"Doorways Coordinator","https://salvationarmy.wd3.myworkdayjobs.com/en-US/Salvos/job/Auburn-NSW-Australia/Doorways-Coordinator_R48498-1?workerSubType=232ddb0d8038014c39b9a752e9118864&workerSubType=232ddb0d8038016b3e98a752e9118764&workerSubType=232ddb0d803801c22875a752e9118664","Permanent | Auburn, NSW, Australia | Community Services Doorways"
"Facilities Maintenance Worker","https://salvationarmy.wd3.myworkdayjobs.com/en-US/Salvos/job/Dooralong-NSW-Australia/Facilities-Maintenance-Worker_R48492-1?workerSubType=232ddb0d8038014c39b9a752e9118864&workerSubType=232ddb0d8038016b3e98a752e9118764&workerSubType=232ddb0d803801c22875a752e9118664","Permanent | Dooralong, NSW, Australia | Alcohol and Other Drugs"
"Ministry Assistant (Youth and Young Adults)","https://salvationarmy.wd3.myworkdayjobs.com/en-US/Salvos/job/Glen-Waverley-VIC-Australia/Ministry-Assistant--Youth-and-Young-Adults-_R47674-1?workerSubType=232ddb0d8038014c39b9a752e9118864&workerSubType=232ddb0d8038016b3e98a752e9118764&workerSubType=232ddb0d803801c22875a752e9118664","Permanent | Glen Waverley, VIC, Australia | VIC Division"
"Sales Assistant","https://salvationarmy.wd3.myworkdayjobs.com/en-US/Salvos/job/Bunbury-WA-Australia/Sales-Assistant_R48571-1?workerSubType=232ddb0d8038014c39b9a752e9118864&workerSubType=232ddb0d8038016b3e98a752e9118764&workerSubType=232ddb0d803801c22875a752e9118664","Casual | Bunbury, WA, Australia | Salvos Stores"
"Full Time Sales Assistant","https://salvationarmy.wd3.myworkdayjobs.com/en-US/Salvos/job/Wendouree-VIC-Australia/Full-Time-Sales-Assistant_R48546-1?workerSubType=232ddb0d8038014c39b9a752e9118864&workerSubType=232ddb0d8038016b3e98a752e9118764&workerSubType=232ddb0d803801c22875a752e9118664","Permanent | Wendouree, VIC, Australia | Salvos Stores"
"Casual Sales Assistant Murray Bridge","https://salvationarmy.wd3.myworkdayjobs.com/en-US/Salvos/job/Murray-Bridge-SA-Australia/Casual-Sales-Assistant-Mt-Barker_R48552-1?workerSubType=232ddb0d8038014c39b9a752e9118864&workerSubType=232ddb0d8038016b3e98a752e9118764&workerSubType=232ddb0d803801c22875a752e9118664","Casual | Murray Bridge, SA, Australia | Salvos Stores"
"Product Allocator","https://salvationarmy.wd3.myworkdayjobs.com/en-US/Salvos/job/Noble-Park-VIC-Australia/Product-Allocator_R48525-1?workerSubType=232ddb0d8038014c39b9a752e9118864&workerSubType=232ddb0d8038016b3e98a752e9118764&workerSubType=232ddb0d803801c22875a752e9118664","Permanent | Noble Park, VIC, Australia | Salvos Stores"
"Mentor/Senior Mentor -  Sydney Greater West - Parent Pathways","https://salvationarmy.wd3.myworkdayjobs.com/en-US/Salvos/job/Penrith-NSW-Australia/Mentor-Senior-Mentor----Sydney-Greater-West---Parent-Pathways_R46288-1?workerSubType=232ddb0d8038014c39b9a752e9118864&workerSubType=232ddb0d8038016b3e98a752e9118764&workerSubType=232ddb0d803801c22875a752e9118664","Permanent | 7 Locations |"
"Emergency Relief Assessor","https://salvationarmy.wd3.myworkdayjobs.com/en-US/Salvos/job/Nambour-QLD-Australia/Emergency-Relief-Assessor_R48514-1?workerSubType=232ddb0d8038014c39b9a752e9118864&workerSubType=232ddb0d8038016b3e98a752e9118764&workerSubType=232ddb0d803801c22875a752e9118664","Permanent | Nambour, QLD, Australia | Community Services Doorways"
"First Response Case Worker","https://salvationarmy.wd3.myworkdayjobs.com/en-US/Salvos/job/Caboolture-QLD-Australia/First-Response-Case-Worker_R48491-1?workerSubType=232ddb0d8038014c39b9a752e9118864&workerSubType=232ddb0d8038016b3e98a752e9118764&workerSubType=232ddb0d803801c22875a752e9118664","Permanent | Caboolture, QLD, Australia | Homelessness"
"Employment Consultant - Inala","https://salvationarmy.wd3.myworkdayjobs.com/en-US/Salvos/job/Inala-QLD-Australia/Employment-Consultant---Inala_R48505-1?workerSubType=232ddb0d8038014c39b9a752e9118864&workerSubType=232ddb0d8038016b3e98a752e9118764&workerSubType=232ddb0d803801c22875a752e9118664","Permanent | Inala, QLD, Australia | Employment Plus"
"Employment Consultant - Newcastle (fixed-term contract)","https://salvationarmy.wd3.myworkdayjobs.com/en-US/Salvos/job/Newcastle-NSW-Australia/Employment-Consultant---Newcastle--fixed-term-contract-_R48538-1?workerSubType=232ddb0d8038014c39b9a752e9118864&workerSubType=232ddb0d8038016b3e98a752e9118764&workerSubType=232ddb0d803801c22875a752e9118664","Maximum Term (Fixed Term) | Newcastle, NSW, Australia | Employment Plus"
"Internal Auditor","https://salvationarmy.wd3.myworkdayjobs.com/en-US/Salvos/job/Blackburn-VIC-Australia/Internal-Auditor_R43983-1?workerSubType=232ddb0d8038014c39b9a752e9118864&workerSubType=232ddb0d8038016b3e98a752e9118764&workerSubType=232ddb0d803801c22875a752e9118664","Permanent | Blackburn, VIC, Australia | Internal Audit"
"Casual Sales Assistant","https://salvationarmy.wd3.myworkdayjobs.com/en-US/Salvos/job/Phillip-ACT-Australia/Casual-Sales-Assistant_R48516-1?workerSubType=232ddb0d8038014c39b9a752e9118864&workerSubType=232ddb0d8038016b3e98a752e9118764&workerSubType=232ddb0d803801c22875a752e9118664","Casual | Phillip, ACT, Australia | Salvos Stores"
"Care Coordinator","https://salvationarmy.wd3.myworkdayjobs.com/en-US/Salvos/job/Erina-NSW-Australia/Care-Coordinator_R48506-1?workerSubType=232ddb0d8038014c39b9a752e9118864&workerSubType=232ddb0d8038016b3e98a752e9118764&workerSubType=232ddb0d803801c22875a752e9118664","Permanent | Erina, NSW, Australia | Aged Care"
"Casual Sales Assistants","https://salvationarmy.wd3.myworkdayjobs.com/en-US/Salvos/job/Morayfield-QLD-Australia/Casual-Sales-Assistants_R48524-1?workerSubType=232ddb0d8038014c39b9a752e9118864&workerSubType=232ddb0d8038016b3e98a752e9118764&workerSubType=232ddb0d803801c22875a752e9118664","Casual | Morayfield, QLD, Australia | Salvos Stores"
"Store Manager","https://salvationarmy.wd3.myworkdayjobs.com/en-US/Salvos/job/Belconnen-ACT-Australia/Store-Manager_R45818-1?workerSubType=232ddb0d8038014c39b9a752e9118864&workerSubType=232ddb0d8038016b3e98a752e9118764&workerSubType=232ddb0d803801c22875a752e9118664","Permanent | Belconnen, ACT, Australia | Salvos Stores"
"Maintenance Supervisor","https://salvationarmy.wd3.myworkdayjobs.com/en-US/Salvos/job/Merewether-NSW-Australia/Maintenance-Supervisor_R48408?workerSubType=232ddb0d8038014c39b9a752e9118864&workerSubType=232ddb0d8038016b3e98a752e9118764&workerSubType=232ddb0d803801c22875a752e9118664","Permanent | Merewether, NSW, Australia | Aged Care"
"Casual Sales Assistant","https://salvationarmy.wd3.myworkdayjobs.com/en-US/Salvos/job/Busselton-WA-Australia/Casual-Sales-Assistant_R48345?workerSubType=232ddb0d8038014c39b9a752e9118864&workerSubType=232ddb0d8038016b3e98a752e9118764&workerSubType=232ddb0d803801c22875a752e9118664","Casual | Busselton, WA, Australia | WA Division"
"Family Violence Team Leader","https://salvationarmy.wd3.myworkdayjobs.com/en-US/Salvos/job/Hobart-TAS-Australia/Family-Violence-Team-Leader_R48429-1?workerSubType=232ddb0d8038014c39b9a752e9118864&workerSubType=232ddb0d8038016b3e98a752e9118764&workerSubType=232ddb0d803801c22875a752e9118664","Maximum Term (Fixed Term) | Hobart, TAS, Australia | Family & Domestic Violence"
"Clinical Lead","https://salvationarmy.wd3.myworkdayjobs.com/en-US/Salvos/job/Ulverstone-TAS-Australia/Clinical-Lead_R48266-1?workerSubType=232ddb0d8038014c39b9a752e9118864&workerSubType=232ddb0d8038016b3e98a752e9118764&workerSubType=232ddb0d803801c22875a752e9118664","Maximum Term (Fixed Term) | Ulverstone, TAS, Australia | Alcohol and Other Drugs"
"Casual Shop Supervisor","https://salvationarmy.wd3.myworkdayjobs.com/en-US/Salvos/job/Tolga-QLD-Australia/Casual-Shop-Supervisor_R48475-1?workerSubType=232ddb0d8038014c39b9a752e9118864&workerSubType=232ddb0d8038016b3e98a752e9118764&workerSubType=232ddb0d803801c22875a752e9118664","Casual | Tolga, QLD, Australia | QLD Division"
"Part-time Sales Assistant","https://salvationarmy.wd3.myworkdayjobs.com/en-US/Salvos/job/Karratha-WA-Australia/Part-time-Sales-Assistant_R48423-2?workerSubType=232ddb0d8038014c39b9a752e9118864&workerSubType=232ddb0d8038016b3e98a752e9118764&workerSubType=232ddb0d803801c22875a752e9118664","Permanent | Karratha, WA, Australia | Salvos Stores"
"Dual Diagnosis Clinician","https://salvationarmy.wd3.myworkdayjobs.com/en-US/Salvos/job/Maroubra-NSW-Australia/Dual-Diagnosis-Clinician_R48430-1?workerSubType=232ddb0d8038014c39b9a752e9118864&workerSubType=232ddb0d8038016b3e98a752e9118764&workerSubType=232ddb0d803801c22875a752e9118664","Permanent | Maroubra, NSW, Australia | Alcohol and Other Drugs"
"Support Worker (Casual)","https://salvationarmy.wd3.myworkdayjobs.com/en-US/Salvos/job/Surry-Hills-NSW-Australia/Support-Worker--Casual-_R48441?workerSubType=232ddb0d8038014c39b9a752e9118864&workerSubType=232ddb0d8038016b3e98a752e9118764&workerSubType=232ddb0d803801c22875a752e9118664","Casual | Surry Hills, NSW, Australia | Homelessness"
"Casual Sales Assistants - Yeppoon","https://salvationarmy.wd3.myworkdayjobs.com/en-US/Salvos/job/Yeppoon-QLD-Australia/Casual-Sales-Assistants---Yeppoon_R48192-1?workerSubType=232ddb0d8038014c39b9a752e9118864&workerSubType=232ddb0d8038016b3e98a752e9118764&workerSubType=232ddb0d803801c22875a752e9118664","Casual | Yeppoon, QLD, Australia | Salvos Stores"
"Case Manager","https://salvationarmy.wd3.myworkdayjobs.com/en-US/Salvos/job/Darwin-NT-Australia/Case-Manager_R48473-1?workerSubType=232ddb0d8038014c39b9a752e9118864&workerSubType=232ddb0d8038016b3e98a752e9118764&workerSubType=232ddb0d803801c22875a752e9118664","Maximum Term (Fixed Term) | Darwin, NT, Australia | Homelessness"
"Collective Change Facilitator","https://salvationarmy.wd3.myworkdayjobs.com/en-US/Salvos/job/Slacks-Creek-QLD-Australia/Collective-Change-Facilitator_R48419-1?workerSubType=232ddb0d8038014c39b9a752e9118864&workerSubType=232ddb0d8038016b3e98a752e9118764&workerSubType=232ddb0d803801c22875a752e9118664","Maximum Term (Fixed Term) | Slacks Creek, QLD, Australia | Community Services Doorways"
"Relationship Manager Corporate Partnerships","https://salvationarmy.wd3.myworkdayjobs.com/en-US/Salvos/job/Blackburn-VIC-Australia/Relationship-Manager-Corporate-Partnerships_R48398-1?workerSubType=232ddb0d8038014c39b9a752e9118864&workerSubType=232ddb0d8038016b3e98a752e9118764&workerSubType=232ddb0d803801c22875a752e9118664","Permanent | Blackburn, VIC, Australia | Communications Fundraising"
"Initial Assessment & Planning Worker","https://salvationarmy.wd3.myworkdayjobs.com/en-US/Salvos/job/Sunshine-VIC-Australia/Initial-Assessment---Planning-Worker_R48413-1?workerSubType=232ddb0d8038014c39b9a752e9118864&workerSubType=232ddb0d8038016b3e98a752e9118764&workerSubType=232ddb0d803801c22875a752e9118664","Maximum Term (Fixed Term) | Sunshine, VIC, Australia | Homelessness"
"Casual Sales Assistant","https://salvationarmy.wd3.myworkdayjobs.com/en-US/Salvos/job/Kempsey-NSW-Australia/Casual-Sales-Assistant_R48374?workerSubType=232ddb0d8038014c39b9a752e9118864&workerSubType=232ddb0d8038016b3e98a752e9118764&workerSubType=232ddb0d803801c22875a752e9118664","Casual | Kempsey, NSW, Australia | Salvos Stores"
"Care Service Employee","https://salvationarmy.wd3.myworkdayjobs.com/en-US/Salvos/job/Dulwich-Hill-NSW-Australia/Care-Service-Employee_R48417-2?workerSubType=232ddb0d8038014c39b9a752e9118864&workerSubType=232ddb0d8038016b3e98a752e9118764&workerSubType=232ddb0d803801c22875a752e9118664","Casual | Dulwich Hill, NSW, Australia | Aged Care"
"Store Manager - Thomastown","https://salvationarmy.wd3.myworkdayjobs.com/en-US/Salvos/job/Thomastown-VIC-Australia/Store-Manager---Thomastown_R48450-1?workerSubType=232ddb0d8038014c39b9a752e9118864&workerSubType=232ddb0d8038016b3e98a752e9118764&workerSubType=232ddb0d803801c22875a752e9118664","Permanent | Thomastown, VIC, Australia | Salvos Stores"
"Casual Support Worker","https://salvationarmy.wd3.myworkdayjobs.com/en-US/Salvos/job/Eagle-Heights-QLD-Australia/Casual-Support-Worker_R48346-1?workerSubType=232ddb0d8038014c39b9a752e9118864&workerSubType=232ddb0d8038016b3e98a752e9118764&workerSubType=232ddb0d803801c22875a752e9118664","Casual | Eagle Heights, QLD, Australia | Alcohol and Other Drugs"
"Casual Sales Assistant - Sinnamon Park","https://salvationarmy.wd3.myworkdayjobs.com/en-US/Salvos/job/Sinnamon-Park-QLD-Australia/Casual-Sales-Assistant---Sinnamon-Park_R48191-1?workerSubType=232ddb0d8038014c39b9a752e9118864&workerSubType=232ddb0d8038016b3e98a752e9118764&workerSubType=232ddb0d803801c22875a752e9118664","Casual | Sinnamon Park, QLD, Australia | Salvos Stores"
"Catering and Housekeeping Attendant","https://salvationarmy.wd3.myworkdayjobs.com/en-US/Salvos/job/Stanmore-NSW-Australia/Catering-and-Housekeeping-Attendant_R48416-1?workerSubType=232ddb0d8038014c39b9a752e9118864&workerSubType=232ddb0d8038016b3e98a752e9118764&workerSubType=232ddb0d803801c22875a752e9118664","Casual | Stanmore, NSW, Australia | Property Department"
"AOD Case Worker","https://salvationarmy.wd3.myworkdayjobs.com/en-US/Salvos/job/Mount-Isa-QLD-Australia/AOD-Case-Worker_R47993-1?workerSubType=232ddb0d8038014c39b9a752e9118864&workerSubType=232ddb0d8038016b3e98a752e9118764&workerSubType=232ddb0d803801c22875a752e9118664","Maximum Term (Fixed Term) | Mount Isa, QLD, Australia | Alcohol and Other Drugs"
"PT Sales Assistants - Torquay","https://salvationarmy.wd3.myworkdayjobs.com/en-US/Salvos/job/Torquay-VIC-Australia/PT-Sales-Assistants---Torquay_R48394-1?workerSubType=232ddb0d8038014c39b9a752e9118864&workerSubType=232ddb0d8038016b3e98a752e9118764&workerSubType=232ddb0d803801c22875a752e9118664","Permanent | Torquay, VIC, Australia | Salvos Stores"
"Store Manager - Nerang","https://salvationarmy.wd3.myworkdayjobs.com/en-US/Salvos/job/Nerang-QLD-Australia/Store-Manager---Nerang_R48397-1?workerSubType=232ddb0d8038014c39b9a752e9118864&workerSubType=232ddb0d8038016b3e98a752e9118764&workerSubType=232ddb0d803801c22875a752e9118664","Permanent | Nerang, QLD, Australia | Salvos Stores"
"Care Service Employee - PPT","https://salvationarmy.wd3.myworkdayjobs.com/en-US/Salvos/job/Erina-NSW-Australia/Care-Service-Employee---PPT_R48320-1?workerSubType=232ddb0d8038014c39b9a752e9118864&workerSubType=232ddb0d8038016b3e98a752e9118764&workerSubType=232ddb0d803801c22875a752e9118664","Permanent | Erina, NSW, Australia | Aged Care"
"Registered Nurse","https://salvationarmy.wd3.myworkdayjobs.com/en-US/Salvos/job/Goulburn-NSW-Australia/Registered-Nurse_R48330-1?workerSubType=232ddb0d8038014c39b9a752e9118864&workerSubType=232ddb0d8038016b3e98a752e9118764&workerSubType=232ddb0d803801c22875a752e9118664","Casual | Goulburn, NSW, Australia | Aged Care"
"First Response Case Worker (Homelessness)","https://salvationarmy.wd3.myworkdayjobs.com/en-US/Salvos/job/Caboolture-QLD-Australia/First-Response-Case-Worker--Homelessness-_R47571-2?workerSubType=232ddb0d8038014c39b9a752e9118864&workerSubType=232ddb0d8038016b3e98a752e9118764&workerSubType=232ddb0d803801c22875a752e9118664","Maximum Term (Fixed Term) | Caboolture, QLD, Australia | Homelessness"
"Care Service Employee - Casual","https://salvationarmy.wd3.myworkdayjobs.com/en-US/Salvos/job/Merewether-NSW-Australia/Care-Service-Employee---Casual_R48427-1?workerSubType=232ddb0d8038014c39b9a752e9118864&workerSubType=232ddb0d8038016b3e98a752e9118764&workerSubType=232ddb0d803801c22875a752e9118664","Casual | Merewether, NSW, Australia | Aged Care"
"Cafe Worker","https://salvationarmy.wd3.myworkdayjobs.com/en-US/Salvos/job/Panania-NSW-Australia/Cafe-Worker_R48422?workerSubType=232ddb0d8038014c39b9a752e9118864&workerSubType=232ddb0d8038016b3e98a752e9118764&workerSubType=232ddb0d803801c22875a752e9118664","Casual | Panania, NSW, Australia | NSW/ACT Division"
"Case Manager","https://salvationarmy.wd3.myworkdayjobs.com/en-US/Salvos/job/St-Kilda-VIC-Australia/Case-Manager_R46779?workerSubType=232ddb0d8038014c39b9a752e9118864&workerSubType=232ddb0d8038016b3e98a752e9118764&workerSubType=232ddb0d803801c22875a752e9118664","Permanent | St Kilda, VIC, Australia | Youth and Education"
"Family Support Worker","https://salvationarmy.wd3.myworkdayjobs.com/en-US/Salvos/job/Karratha-WA-Australia/Family-Support-Worker_R48390-1?workerSubType=232ddb0d8038014c39b9a752e9118864&workerSubType=232ddb0d8038016b3e98a752e9118764&workerSubType=232ddb0d803801c22875a752e9118664","Casual | Karratha, WA, Australia | Family & Domestic Violence"
"Employment Consultant - Ipswich (parental leave cover)","https://salvationarmy.wd3.myworkdayjobs.com/en-US/Salvos/job/Ipswich-QLD-Australia/Employment-Consultant---Ipswich--parental-leave-cover-_R48393-1?workerSubType=232ddb0d8038014c39b9a752e9118864&workerSubType=232ddb0d8038016b3e98a752e9118764&workerSubType=232ddb0d803801c22875a752e9118664","Maximum Term (Fixed Term) | Ipswich, QLD, Australia | Employment Plus"
"Casual Sales Assistants","https://salvationarmy.wd3.myworkdayjobs.com/en-US/Salvos/job/Geebung-QLD-Australia/Casual-Sales-Assistants_R48378?workerSubType=232ddb0d8038014c39b9a752e9118864&workerSubType=232ddb0d8038016b3e98a752e9118764&workerSubType=232ddb0d803801c22875a752e9118664","Casual | Geebung, QLD, Australia | Salvos Stores"
"Team Leader","https://salvationarmy.wd3.myworkdayjobs.com/en-US/Salvos/job/Katherine-NT-Australia/Team-Leader_R48353-1?workerSubType=232ddb0d8038014c39b9a752e9118864&workerSubType=232ddb0d8038016b3e98a752e9118764&workerSubType=232ddb0d803801c22875a752e9118664","Maximum Term (Fixed Term) | Katherine, NT, Australia | Homelessness"
"Lifestyle Assistant","https://salvationarmy.wd3.myworkdayjobs.com/en-US/Salvos/job/Balmain-NSW-Australia/Lifestyle-Assistant_R48384-1?workerSubType=232ddb0d8038014c39b9a752e9118864&workerSubType=232ddb0d8038016b3e98a752e9118764&workerSubType=232ddb0d803801c22875a752e9118664","Permanent | Balmain, NSW, Australia | Aged Care"
"Ministry Leader - Community Outreach","https://salvationarmy.wd3.myworkdayjobs.com/en-US/Salvos/job/Greenfields-WA-Australia/Ministry-Leader---Community-Outreach_R48351-1?workerSubType=232ddb0d8038014c39b9a752e9118864&workerSubType=232ddb0d8038016b3e98a752e9118764&workerSubType=232ddb0d803801c22875a752e9118664","Permanent | Greenfields, WA, Australia | WA Division"
"Outreach Nurse","https://salvationarmy.wd3.myworkdayjobs.com/en-US/Salvos/job/St-Kilda-VIC-Australia/Outreach-Nurse_R48328-1?workerSubType=232ddb0d8038014c39b9a752e9118864&workerSubType=232ddb0d8038016b3e98a752e9118764&workerSubType=232ddb0d803801c22875a752e9118664","Maximum Term (Fixed Term) | St Kilda, VIC, Australia | Alcohol and Other Drugs"
"Receptionist","https://salvationarmy.wd3.myworkdayjobs.com/en-US/Salvos/job/Blackburn-VIC-Australia/Receptionist_R48359-2?workerSubType=232ddb0d8038014c39b9a752e9118864&workerSubType=232ddb0d8038016b3e98a752e9118764&workerSubType=232ddb0d803801c22875a752e9118664","Casual | Blackburn, VIC, Australia | Property Department"
"Registered Nurse - PPT","https://salvationarmy.wd3.myworkdayjobs.com/en-US/Salvos/job/Erina-NSW-Australia/Registered-Nurse---PPT_R48404-1?workerSubType=232ddb0d8038014c39b9a752e9118864&workerSubType=232ddb0d8038016b3e98a752e9118764&workerSubType=232ddb0d803801c22875a752e9118664","Permanent | Erina, NSW, Australia | Aged Care"
"Registered Nurse - Full Time","https://salvationarmy.wd3.myworkdayjobs.com/en-US/Salvos/job/Erina-NSW-Australia/Registered-Nurse---Full-Time_R48403-1?workerSubType=232ddb0d8038014c39b9a752e9118864&workerSubType=232ddb0d8038016b3e98a752e9118764&workerSubType=232ddb0d803801c22875a752e9118664","Permanent | Erina, NSW, Australia | Aged Care"
"Executive Assistant","https://salvationarmy.wd3.myworkdayjobs.com/en-US/Salvos/job/Derwent-Park-TAS-Australia/Executive-Assistant_R48356-1?workerSubType=232ddb0d8038014c39b9a752e9118864&workerSubType=232ddb0d8038016b3e98a752e9118764&workerSubType=232ddb0d803801c22875a752e9118664","Permanent | Derwent Park, TAS, Australia | Divisional Governance"
"Child Specialist Worker - Family and Domestic Violence","https://salvationarmy.wd3.myworkdayjobs.com/en-US/Salvos/job/Dulwich-Hill-NSW-Australia/Child-Specialist-Worker---Family-and-Domestic-Violence_R48291-1?workerSubType=232ddb0d8038014c39b9a752e9118864&workerSubType=232ddb0d8038016b3e98a752e9118764&workerSubType=232ddb0d803801c22875a752e9118664","Permanent | Dulwich Hill, NSW, Australia | Family & Domestic Violence"
"Employment Broker/Recruiter - Sydney Greater West (parental leave contract)","https://salvationarmy.wd3.myworkdayjobs.com/en-US/Salvos/job/Mount-Druitt-NSW-Australia/Employment-Broker-Recruiter---Sydney-Greater-West--parental-leave-contract-_R48372-1?workerSubType=232ddb0d8038014c39b9a752e9118864&workerSubType=232ddb0d8038016b3e98a752e9118764&workerSubType=232ddb0d803801c22875a752e9118664","Maximum Term (Fixed Term) | Mount Druitt, NSW, Australia |"
"Business Coordinator - Woodridge (part-time)","https://salvationarmy.wd3.myworkdayjobs.com/en-US/Salvos/job/Woodridge-QLD-Australia/Business-Coordinator---Woodridge--part-time-_R48322?workerSubType=232ddb0d8038014c39b9a752e9118864&workerSubType=232ddb0d8038016b3e98a752e9118764&workerSubType=232ddb0d803801c22875a752e9118664","Permanent | Woodridge, QLD, Australia | Employment Plus"
"Job Coach - DES - Logan","https://salvationarmy.wd3.myworkdayjobs.com/en-US/Salvos/job/Woodridge-QLD-Australia/Job-Coach---DES---Logan_R47422-1?workerSubType=232ddb0d8038014c39b9a752e9118864&workerSubType=232ddb0d8038016b3e98a752e9118764&workerSubType=232ddb0d803801c22875a752e9118664","Permanent | Woodridge, QLD, Australia |"
"Lived Experience Support Worker","https://salvationarmy.wd3.myworkdayjobs.com/en-US/Salvos/job/Katherine-NT-Australia/Lived-Experience-Support-Worker_R45722-1?workerSubType=232ddb0d8038014c39b9a752e9118864&workerSubType=232ddb0d8038016b3e98a752e9118764&workerSubType=232ddb0d803801c22875a752e9118664","Maximum Term (Fixed Term) | Katherine, NT, Australia | Homelessness"
"Case Manager","https://salvationarmy.wd3.myworkdayjobs.com/en-US/Salvos/job/Katherine-NT-Australia/Case-Manager_R45721-1?workerSubType=232ddb0d8038014c39b9a752e9118864&workerSubType=232ddb0d8038016b3e98a752e9118764&workerSubType=232ddb0d803801c22875a752e9118664","Maximum Term (Fixed Term) | Katherine, NT, Australia | Homelessness"
"Safeguarding Consultant","https://salvationarmy.wd3.myworkdayjobs.com/en-US/Salvos/job/Blackburn-VIC-Australia/Safeguarding-Consultant_R48277-1?workerSubType=232ddb0d8038014c39b9a752e9118864&workerSubType=232ddb0d8038016b3e98a752e9118764&workerSubType=232ddb0d803801c22875a752e9118664","Permanent | Blackburn, VIC, Australia | Quality and Safeguarding"
"First Response Case Worker","https://salvationarmy.wd3.myworkdayjobs.com/en-US/Salvos/job/Ipswich-QLD-Australia/First-Response-Case-Worker_R48302-1?workerSubType=232ddb0d8038014c39b9a752e9118864&workerSubType=232ddb0d8038016b3e98a752e9118764&workerSubType=232ddb0d803801c22875a752e9118664","Maximum Term (Fixed Term) | Ipswich, QLD, Australia | Homelessness"
"Store Manager","https://salvationarmy.wd3.myworkdayjobs.com/en-US/Salvos/job/Campbelltown-NSW-Australia/Store-Manager_R48310-1?workerSubType=232ddb0d8038014c39b9a752e9118864&workerSubType=232ddb0d8038016b3e98a752e9118764&workerSubType=232ddb0d803801c22875a752e9118664","Permanent | Campbelltown, NSW, Australia | Salvos Stores"
"Clinical Co-ordinator","https://salvationarmy.wd3.myworkdayjobs.com/en-US/Salvos/job/Merewether-NSW-Australia/Clinical-Co-ordinator_R47559-1?workerSubType=232ddb0d8038014c39b9a752e9118864&workerSubType=232ddb0d8038016b3e98a752e9118764&workerSubType=232ddb0d803801c22875a752e9118664","Permanent | Merewether, NSW, Australia | Aged Care"
"Mentor - Parent Pathways - West Melbourne","https://salvationarmy.wd3.myworkdayjobs.com/en-US/Salvos/job/Werribee-VIC-Australia/Mentor---Parent-Pathways---West-Melbourne_R48304-1?workerSubType=232ddb0d8038014c39b9a752e9118864&workerSubType=232ddb0d8038016b3e98a752e9118764&workerSubType=232ddb0d803801c22875a752e9118664","Permanent | 2 Locations | Employment Plus"
"Program Manager","https://salvationarmy.wd3.myworkdayjobs.com/en-US/Salvos/job/Ashmore-City-QLD-Australia/Program-Manager_R48261-1?workerSubType=232ddb0d8038014c39b9a752e9118864&workerSubType=232ddb0d8038016b3e98a752e9118764&workerSubType=232ddb0d803801c22875a752e9118664","Permanent | Ashmore City, QLD, Australia | Homelessness"
"Responsible Sourcing Manager","https://salvationarmy.wd3.myworkdayjobs.com/en-US/Salvos/job/Blackburn-VIC-Australia/Responsible-Sourcing-Manager_R48160-1?workerSubType=232ddb0d8038014c39b9a752e9118864&workerSubType=232ddb0d8038016b3e98a752e9118764&workerSubType=232ddb0d803801c22875a752e9118664","Permanent | Blackburn, VIC, Australia | Finance Department"
"Store Manager Munno Para","https://salvationarmy.wd3.myworkdayjobs.com/en-US/Salvos/job/Smithfield-SA-Australia/Store-Manager-Munno-Para_R48285-1?workerSubType=232ddb0d8038014c39b9a752e9118864&workerSubType=232ddb0d8038016b3e98a752e9118764&workerSubType=232ddb0d803801c22875a752e9118664","Permanent | Smithfield, SA, Australia | Salvos Stores"
"Senior Mentor - Parent Pathways - Adelaide South","https://salvationarmy.wd3.myworkdayjobs.com/en-US/Salvos/job/Morphett-Vale-SA-Australia/Senior-Mentor---Parent-Pathways---Adelaide-South_R48280-2?workerSubType=232ddb0d8038014c39b9a752e9118864&workerSubType=232ddb0d8038016b3e98a752e9118764&workerSubType=232ddb0d803801c22875a752e9118664","Permanent | Morphett Vale, SA, Australia | Employment Plus"
"Employment Consultant - Wonthaggi","https://salvationarmy.wd3.myworkdayjobs.com/en-US/Salvos/job/Wonthaggi-VIC-Australia/Employment-Consultant---Wonthaggi_R48282-1?workerSubType=232ddb0d8038014c39b9a752e9118864&workerSubType=232ddb0d8038016b3e98a752e9118764&workerSubType=232ddb0d803801c22875a752e9118664","Permanent | Wonthaggi, VIC, Australia | Employment Plus"
"Sales Assistant","https://salvationarmy.wd3.myworkdayjobs.com/en-US/Salvos/job/Young-NSW-Australia/Sales-Assistant_R48238-1?workerSubType=232ddb0d8038014c39b9a752e9118864&workerSubType=232ddb0d8038016b3e98a752e9118764&workerSubType=232ddb0d803801c22875a752e9118664","Permanent | Young, NSW, Australia | Salvos Stores"
"Casual Online Sales Assistant","https://salvationarmy.wd3.myworkdayjobs.com/en-US/Salvos/job/Angle-Park-SA-Australia/Online-Sales-Assistant_R47976-1?workerSubType=232ddb0d8038014c39b9a752e9118864&workerSubType=232ddb0d8038016b3e98a752e9118764&workerSubType=232ddb0d803801c22875a752e9118664","Casual | Angle Park, SA, Australia | Salvos Stores"
"Truck Driver & Warehouse Assistant","https://salvationarmy.wd3.myworkdayjobs.com/en-US/Salvos/job/Noosaville-QLD-Australia/Truck-Driver---Warehouse-Assistant_R46651-1?workerSubType=232ddb0d8038014c39b9a752e9118864&workerSubType=232ddb0d8038016b3e98a752e9118764&workerSubType=232ddb0d803801c22875a752e9118664","Casual | Noosaville, QLD, Australia | QLD Division"
"Case Manager","https://salvationarmy.wd3.myworkdayjobs.com/en-US/Salvos/job/Spring-Hill-QLD-Australia/Case-Manager_R48230-1?workerSubType=232ddb0d8038014c39b9a752e9118864&workerSubType=232ddb0d8038016b3e98a752e9118764&workerSubType=232ddb0d803801c22875a752e9118664","Permanent | Spring Hill, QLD, Australia | Homelessness"
"Family Violence Children's Specialist","https://salvationarmy.wd3.myworkdayjobs.com/en-US/Salvos/job/Hobart-TAS-Australia/Family-Violence-Children-s-Specialist_R45906-1?workerSubType=232ddb0d8038014c39b9a752e9118864&workerSubType=232ddb0d8038016b3e98a752e9118764&workerSubType=232ddb0d803801c22875a752e9118664","Maximum Term (Fixed Term) | Hobart, TAS, Australia | Family & Domestic Violence"
"Home Care Worker - Casual","https://salvationarmy.wd3.myworkdayjobs.com/en-US/Salvos/job/Erina-NSW-Australia/Home-Care-Worker---Casual_R47338-1?workerSubType=232ddb0d8038014c39b9a752e9118864&workerSubType=232ddb0d8038016b3e98a752e9118764&workerSubType=232ddb0d803801c22875a752e9118664","Casual | Erina, NSW, Australia | Aged Care"
"Store Manager Inverell","https://salvationarmy.wd3.myworkdayjobs.com/en-US/Salvos/job/Inverell-NSW-Australia/Store-Manager-Inverell_R48245-1?workerSubType=232ddb0d8038014c39b9a752e9118864&workerSubType=232ddb0d8038016b3e98a752e9118764&workerSubType=232ddb0d803801c22875a752e9118664","Permanent | Inverell, NSW, Australia | Salvos Stores"
"Store Manager Brookvale","https://salvationarmy.wd3.myworkdayjobs.com/en-US/Salvos/job/Brookvale-NSW-Australia/Store-Manager_R46214-1?workerSubType=232ddb0d8038014c39b9a752e9118864&workerSubType=232ddb0d8038016b3e98a752e9118764&workerSubType=232ddb0d803801c22875a752e9118664","Permanent | Brookvale, NSW, Australia | Salvos Stores"
"Provisional Psychologist/Registered Psychologist/Social Worker - North-East Melbourne","https://salvationarmy.wd3.myworkdayjobs.com/en-US/Salvos/job/Rowville-VIC-Australia/Provisional-Psychologist-Registered-Psychologist-Social-Worker---North-East-Melbourne_R48218-1?workerSubType=232ddb0d8038014c39b9a752e9118864&workerSubType=232ddb0d8038016b3e98a752e9118764&workerSubType=232ddb0d803801c22875a752e9118664","Permanent | Rowville, VIC, Australia | Employment Plus"
"Provisional Psycholost/Registered Psychologist/Social Worker - Gippsland","https://salvationarmy.wd3.myworkdayjobs.com/en-US/Salvos/job/Traralgon-VIC-Australia/Provisional-Psycholost-Registered-Psychologist-Social-Worker---Gippsland_R48217-1?workerSubType=232ddb0d8038014c39b9a752e9118864&workerSubType=232ddb0d8038016b3e98a752e9118764&workerSubType=232ddb0d803801c22875a752e9118664","Permanent | 2 Locations | Employment Plus"
"Provisional Psychologist/Registered Psychologist/Social Worker - Wivenhoe","https://salvationarmy.wd3.myworkdayjobs.com/en-US/Salvos/job/Springfield-QLD-Australia/Provisional-Psychologist-Registered-Psychologist-Social-Worker---Wivenhoe_R48216-2?workerSubType=232ddb0d8038014c39b9a752e9118864&workerSubType=232ddb0d8038016b3e98a752e9118764&workerSubType=232ddb0d803801c22875a752e9118664","Permanent | Springfield, QLD, Australia | Employment Plus"
"Provisional Psychologist/Registered Psychologist/Social Worker - Sydney West","https://salvationarmy.wd3.myworkdayjobs.com/en-US/Salvos/job/Merrylands-NSW-Australia/Provisional-Psychologist-Registered-Psychologist-Social-Worker---Sydney-West_R48215-1?workerSubType=232ddb0d8038014c39b9a752e9118864&workerSubType=232ddb0d8038016b3e98a752e9118764&workerSubType=232ddb0d803801c22875a752e9118664","Permanent | 2 Locations | Employment Plus"
"Ministry Assistant","https://salvationarmy.wd3.myworkdayjobs.com/en-US/Salvos/job/Altona-VIC-Australia/XMLNAME---Ministry-Assistant_R48208-1?workerSubType=232ddb0d8038014c39b9a752e9118864&workerSubType=232ddb0d8038016b3e98a752e9118764&workerSubType=232ddb0d803801c22875a752e9118664","Permanent | Altona, VIC, Australia | VIC Division"
"Care Service Employee - Casual","https://salvationarmy.wd3.myworkdayjobs.com/en-US/Salvos/job/Erina-NSW-Australia/Care-Service-Employee---Casual_R48226-1?workerSubType=232ddb0d8038014c39b9a752e9118864&workerSubType=232ddb0d8038016b3e98a752e9118764&workerSubType=232ddb0d803801c22875a752e9118664","Casual | Erina, NSW, Australia | Aged Care"
"Officer Personnel Support Services Advisor","https://salvationarmy.wd3.myworkdayjobs.com/en-US/Salvos/job/Blackburn-VIC-Australia/Officer-Personnel-Support-Services-Advisor_R48155?workerSubType=232ddb0d8038014c39b9a752e9118864&workerSubType=232ddb0d8038016b3e98a752e9118764&workerSubType=232ddb0d803801c22875a752e9118664","Permanent | Blackburn, VIC, Australia | Officer Personnel"
"Crisis Accommodation Support Worker","https://salvationarmy.wd3.myworkdayjobs.com/en-US/Salvos/job/Fitzroy-North-VIC-Australia/Crisis-Accommodation-Support-Worker_R48162?workerSubType=232ddb0d8038014c39b9a752e9118864&workerSubType=232ddb0d8038016b3e98a752e9118764&workerSubType=232ddb0d803801c22875a752e9118664","Permanent | Fitzroy North, VIC, Australia | Youth and Education"
"Specialist Case Practitioner","https://salvationarmy.wd3.myworkdayjobs.com/en-US/Salvos/job/Karratha-WA-Australia/Specialist-Case-Practitioner_R45167-2?workerSubType=232ddb0d8038014c39b9a752e9118864&workerSubType=232ddb0d8038016b3e98a752e9118764&workerSubType=232ddb0d803801c22875a752e9118664","Permanent | Karratha, WA, Australia | Family & Domestic Violence"
"Regional Manager Housing - SA","https://salvationarmy.wd3.myworkdayjobs.com/en-US/Salvos/job/Greenacres-SA-Australia/Regional-Manager-Housing---SA_R48195-1?workerSubType=232ddb0d8038014c39b9a752e9118864&workerSubType=232ddb0d8038016b3e98a752e9118764&workerSubType=232ddb0d803801c22875a752e9118664","Permanent | Greenacres, SA, Australia | Salvos Housing"
"Care Service Employee","https://salvationarmy.wd3.myworkdayjobs.com/en-US/Salvos/job/Rockhampton-QLD-Australia/Care-Service-Employee_R48212-1?workerSubType=232ddb0d8038014c39b9a752e9118864&workerSubType=232ddb0d8038016b3e98a752e9118764&workerSubType=232ddb0d803801c22875a752e9118664","Casual | Rockhampton, QLD, Australia | Aged Care"
"Store Manager - Colac","https://salvationarmy.wd3.myworkdayjobs.com/en-US/Salvos/job/Colac-VIC-Australia/Store-Manager---Colac_R48177-1?workerSubType=232ddb0d8038014c39b9a752e9118864&workerSubType=232ddb0d8038016b3e98a752e9118764&workerSubType=232ddb0d803801c22875a752e9118664","Permanent | Colac, VIC, Australia | Salvos Stores"